"","Date","Tx_Defaut","Tx_Chomage_M","Ita_coin","B_T_Climate","LCI","Tx_IPC","Tx_interet_CT","Tx_interet_LT","Confiance_conso","Confiance_ent","Ind_Inc_Pol_Eco","Qt_Euribor1","Qt_Euribor2","Qt_FTSE","Qt_Enel","Qt_Eni","Qt_Exor","Qt_Generali","Tx_I_Deposits_E","Qt_Cours_actions","Tx_I_Loans","Tx_Bond_Yields_10","USD_euro_change","Tx_Pret_Menage","Tx_Pret_SNF","BOP_Compte_Courant","BOP_Biens","BOP_Services","BOP_Capital","Qt_GT_Pret_bancaire","Qt_GT_credit_conso","Qt_GT_credit_immo","Qt_GT_interet_banc","Qt_GT_taux_interet","Tx_bons_tresor","Tx_Deposit_Resident","Tx_Interet_Deposit","Tx_Interet_Deposit_Over","Tx_Interet_Loans_House","Tx_Interet_Loans_Othe","Tx_Bon_Tresor_3","Tx_Bon_Tresor_5","Tx_Bon_Tresor_10","Tx_Bon_Tresor_30","Qt_M1","Qt_M2","Qt_M3","Tx_Fund_Raised","Tx_Refinancing","Tx_Debt_Securities","Tx_Total_Deposit","Tx_Loans_Other","Tx_Loans_Household","Tx_Loans_NonFinancial","Tx_Debt_CB","Qt_Debt_Monetary","Qt_Debt_Financial","Qt_Debt_Resident","Qt_Debt_NonResident","Qt_Debt_Gross","Qt_Stock_Gov"
"2",2010-02-01,0.0524,8.7,-0.52,0.300000000000011,0.1678,1.167883,0.6617,4.047,-0.437599999999989,0.256950000000003,1.95148999999999,0.000251692634285483,0.00176522552456948,-0.0385466799911516,0.0202923893946163,-0.0214933647065725,-0.065710756053686,-0.0359602554198903,0.6293,-0.0694055071167217,2.6713,4.047,-0.1,3.94,-2.39,1222.673,1562.619,-33.308,-2.60799999999999,-2.484906649788,2.484906649788,0.117783035656384,0.0953101798043248,-0.664976303593249,0.983,5.09,0.6293,0.2766,2.6713,1.93,2.05012,2.91579,4.04712,4.86247,-0.0195615950745562,-0.0131634577262911,-0.0107539650822108,1.18,-15.25,2.43,-10.13,-0.59,3.94,-2.39,3.5,0.0122700925918142,0,-0.0168071183163812,-0.00243013485329158,0.00363353111731257,0.00627143165726451
"3",2010-03-01,0.0516,8.6,0.02,-0.600000000000009,0.104900000000001,1.38585,0.645,3.945,-0.319400000000002,0.17174,-7.9173,-0.000352387428448786,-0.00110920652695512,0.0810918264807778,0.0351562569845778,0.0442680716958175,0.139101196485639,0.0645010054278634,0.6256,0.0459362807030557,2.5899,3.945,0.8,4.09,-1.91,-52.6289999999999,1280.837,-241.408,-112.377,2.39789527279837,3.09104245335832,0.980829253011726,-2.39789527279837,-0.587786664902119,0.9,4.5,0.6256,0.2761,2.5899,1.9436,1.7959,2.75054,3.94527,4.86864,0.0013648482444566,-0.00028659454233626,0.00645131960318857,1.26,-26.42,1.93,-8.63,0.12,4.09,-1.91,3.5,0.0161293819298836,0.0226424767497599,-0.0113637586503148,-0.0122400548945021,0.00186326310194396,0.00227699332234543
"4",2010-04-01,0.05,8.7,-0.01,2.10000000000001,0.0842999999999989,1.528384,0.6447,3.9956,-0.265240000000006,0.170159999999996,12.27545,-0.00110831245601961,-0.000353187521015208,-0.0579075496437493,-0.0427177296851542,-0.0269178912486003,0.0748852749522841,-0.108052812935707,0.612,0.0174833832964065,2.5954,3.9956,0,3.97,-1.87,3195.101,628.466,935.716,86.647,1.21302263984585,3.29583686600433,-3.17805383034795,2.39789527279837,0.336472236621213,0.933,3.45,0.612,0.2648,2.5954,2.2099,1.81433,2.73684,3.99558,4.834,0.016972570893131,0.0107874429804102,0.0102961476155681,1.41,-14.28,1.28,-8.26,0.39,3.97,-1.87,3.5,0.0198026272961798,-0.0536527134923199,0.0056980211146378,0.00246002584086247,0.00784592327813094,0.00723610215719539
"5",2010-05-01,0.0498,8.7,0.15,-0.300000000000011,0.0882000000000005,1.379811,0.6865,3.99,-0.363759999999999,0.193600000000004,4.11169,0.000705431854306049,5.04629980175864e-05,-0.0982879171319322,-0.0559313513846853,-0.103648584033458,-0.0204088716312074,-0.0654166495261821,0.5858,-0.122586508313707,2.5367,3.99,0.0999999999999999,4.26,-0.71,-3020.3,-1160.762,73.581,2.142,-0.432864082296279,2.70805020110221,2.19722457733622,-2.39789527279837,1.02450431651439,1.442,3.49,0.5858,0.2671,2.5367,1.9767,2.02498,2.79188,3.98492,4.91868,0.00429939601664842,0.00294796137453801,0.00898432322830445,2.73,6.5,0.53,-7.31,1.34,4.26,-0.71,3.6,0.0194180858571018,0.0461620417631625,-0.0114286958236232,-0.0223611801581578,0.00781958092183821,0.0109685610810288
"6",2010-06-01,0.0494,8.5,-0.1,-0.899999999999991,0.126300000000001,1.306241,0.7276,4.1,-0.244529999999997,0.166499999999999,45.84089,-0.00191590257254326,-0.00141392741830959,-0.0119531311705714,-0.0685152025024689,-0.000658111244549175,0.0240098838048017,-0.0347328069188921,0.6004,-0.00894341348932759,2.5103,4.1,-0.2,4.26,-0.76,1226.904,-1223.285,422.305,204.518,0.0408219945202548,2.77258872223978,-0.405465108108165,2.39789527279837,-0.773189888233482,1.377,3.22,0.6004,0.274,2.5103,2.2783,2.24837,2.97726,4.1022,5.09937,-0.00230825335509799,-0.00275865101260031,-0.0631020533365305,1.23,3.68,-0.85,-11.86,1.21,4.26,-0.76,3.5,0.00383877630716567,0.0441248049089378,0,-0.0177444452990718,-0.00277343335207192,-0.00347533337506789
"7",2010-07-01,0.0494,8.4,-0.13,0.0999999999999943,0.180199999999999,1.669086,0.8488,4.03,-0.142129999999995,0.157699999999991,-16.32262,-0.00010093873027639,0.000454694730849248,0.0848349063461029,0.0765099153041777,0.0323862501372596,0.0965511583770935,0.0689466703734967,0.6084,0.0145129024512194,2.539,4.03,0.2,4.44,-0.84,4705.34,4787.884,15.029,76.302,-0.653926467406664,2.94443897916644,-1.79175946922805,-2.39789527279837,0.245122458032985,1.399,2.98,0.6084,0.2862,2.539,2.5093,2.18036,2.85454,4.02583,5.00964,-0.00467766686916171,-0.00400996531699072,-0.00577401847384884,2.56,26.62,-1,-9.03,1.23,4.44,-0.84,3.5,-0.00769234562315591,-0.0144930073025669,0,0.0127066512691147,0.00814129040857026,0.011927432237222
"8",2010-08-01,0.0501,8.3,-0.09,-1.2,0.244399999999999,1.591896,0.8955,3.8,-0.102050000000006,0.0840000000000032,-32.90185,0.000555036974664525,0.000959232687460343,-0.0631767051213608,-0.00199269411671055,-0.00127551037701146,-0.0529436867302535,-0.0800966116705308,0.6259,0.00811601907688964,2.664,3.8,-0.0999999999999999,4.74,0,-5656.021,-4318.049,-1259.95,-18.936,-2.56494935746154,2.39789527279837,2.30258509299405,0,-0.93826963859293,1.374,1.94,0.6259,0.3025,2.664,2.4502,2.00781,2.64205,3.80208,4.74594,-0.0222337138626401,-0.0118093531106283,-0.012063935491609,2.58,21.55,-0.95,-4.39,1.92,4.74,0,3.6,-0.0116506172199751,0.0287789645500434,-0.0115608224010759,0,0.0011316508476078,0.000734233291792563
"9",2010-09-01,0.0502,8.4,-0.16,-0.699999999999989,0.291899999999998,1.595359,0.8805,3.86,-0.138279999999995,0.0885999999999996,14.56193,-0.00181763152132408,-0.00252627458528387,0.0383065435697869,0.0391184165954714,0.0101588175249914,0.156997866474025,0.0344386650545432,0.6537,0.0113107031705733,2.644,3.86,0.3,4.72,1.09,-498.34,-692.094,963.417,-121.435,3.09104245335832,3.09104245335832,0.8754687373539,0,0.105360515657826,1.428,1.24,0.6537,0.3111,2.644,2.5135,2.13927,2.74728,3.86227,4.78606,-0.00198219447050718,-0.000685177013291849,0.00104715382893161,2.13,13.3,-0.07,-2.38,2.71,4.72,1.09,3.6,0,0.00706716722309242,0.00579711768432611,-0.0076045993852194,0.00138482213139923,0.00184793729277644
"10",2010-10-01,0.0495,8.6,0.02,0.599999999999994,0.3065,1.73913,0.9977,3.8,-0.135159999999999,0.1995,6.93796,-0.000758322626770003,-0.000911023445943293,0.0450745728324424,0.0480591699848345,0.0224869555631435,0.0829343960130795,0.0642422687283539,0.6563,0.0260788800067937,2.7016,3.8,0,4.77,1.27,2174.333,1086.597,-744.409,56.825,0,2.63905732961526,-3.17805383034795,0,0.470003629245735,1.441,0.96,0.6563,0.3224,2.7016,2.5448,2.07731,2.69462,3.80021,4.7201,0.0161164676354844,0.00959092534822048,0.00469202731961893,2.89,30.87,1.07,-2.79,2.99,4.77,1.27,3.6,-0.0117879557520424,0.0346055291774756,-0.011628037995119,0,0.0114657111097944,0.0151579953034116
"11",2010-11-01,0.0488,8.3,0.01,0.5,0.287599999999998,1.73913,1.042,4.18,-0.00482000000000937,0.264800000000008,10.46561,0.000859388875782408,0.000911023445943293,-0.115765740984354,-0.125122518144429,-0.0435538055308635,0.0949655862861674,-0.154150679827258,0.6853,-0.0105581485608539,2.8755,4.18,0,5,2.08,-1538.151,-809.499,-478.383,-11.32,-3.09104245335832,2.56494935746154,2.07944154167984,2.89037175789616,-0.287682072451781,1.778,-1.28,0.6853,0.3483,2.8755,2.7256,2.65239,3.22196,4.18408,5.01977,-0.02718148470478,-0.0167341152204141,-0.0175868975029179,2.85,15.62,0.35,-0.25,3.46,5,2.08,3.6,0.0272921422880077,-0.0275879565188291,0.011628037995119,-0.0153849188394792,0.000677329430013529,-0.000321642541639022
"12",2010-12-01,0.0486,8.2,-0.11,2.59999999999999,0.242599999999996,1.879971,1.0217,4.603,0.060600000000008,0.254099999999994,-33.87641,0.000202101860025117,0.000556328248006999,0.0543721070339807,0.032611585588761,0.0527760655066558,0.194879872681724,0.0512562566646255,0.692,-0.00405248783900447,2.9748,4.603,0.3,4.93,1.99,278.358,338.353,240.596,-78.794,0,2.07944154167984,0.693147180559945,0.105360515657826,-0.182321556793954,2.014,-0.95,0.692,0.3587,2.9748,2.7911,2.97516,3.60784,4.603,5.33678,0.0264433828519728,0.0232880514441671,0.0184742596040763,4.14,75.41,-1.2,0.84,3.62,4.93,1.99,3.6,0.0114724011622367,0.0138891121606672,0.0114943794257352,-0.0156253179030807,-0.0122673159115951,-0.0170367170622789
"13",2011-01-01,0.048,8.2,0.07,0.200000000000003,0.156900000000007,2.149892,1.0172,4.729,-0.0986000000000047,0.118799999999993,-21.78828,-0.00156735881620218,-0.00324116560455234,0.0889735618683165,0.0985862853857056,0.0570903542684067,-0.0915893957656975,0.114258181812948,0.6887,0.0364431425147185,3.1521,4.729,0.0999999999999996,4.95,4.31,-4054.655,-3318.132,-147.439,-39.302,2.99573227355399,2.30258509299405,-2.77258872223978,-2.99573227355399,0.587786664902119,2.067,-1.49,0.6887,0.3506,3.1521,2.6762,3.14192,3.79521,4.72908,5.4467,-0.0133146564888484,-0.0115115078365644,-0.0126044099794367,3.45,72.89,-1.55,3.66,4.8,4.95,4.31,3.6,-0.0114724011622367,0.0204785313435405,0.0113637586503148,-0.00526317004427446,0.0185713590522703,0.0220332852466107
"14",2011-02-01,0.0475,8.1,0.02,-1.89999999999999,0.0623999999999967,2.378788,1.0867,4.7356,-0.149090000000001,-0.030699999999996,15.62286,0.000354134524227945,-0.000253659032889431,0.0186954620729463,0.0451204352804693,0.0211618426313418,-0.0183737631737322,0.0284672078209667,0.707,0.0440639333401691,3.0837,4.7356,0.1,5.03,4.76,3150.772,3339.286,107.167,39.893,0.559615787935423,2.94443897916644,2.70805020110221,-Inf,-0.405465108108164,1.862,-0.83,0.707,0.3682,3.0837,2.7944,3.10664,3.78788,4.73561,5.4868,-0.00435843353840504,-0.00262307694830533,-0.00256590153719394,3.62,42.06,0.46,4.55,4.88,5.03,4.76,3.6,-0.0233473639969914,-0.0273989741881144,0.00563381771825622,0.0234691345408469,-0.00234997375226165,-0.000480079770012409
"15",2011-03-01,0.0473,8.1,0.08,-2.60000000000001,-0.0357000000000056,2.486475,1.1755,4.8754,-0.240229999999997,-0.0795999999999992,-4.23292000000001,-0.00369929729896779,-0.00391449624180229,-0.0334524947467489,0.0296622248556659,-0.0194291826040907,-0.0182571022692808,-0.0701265480045494,0.7519,-0.0241290594727293,2.9876,4.8754,0.3,5.07,4.78,-1871.209,-992.122,152.27,-145.823,-3.55534806148941,2.63905732961526,0.23638877806423,Inf,0.348306694268216,2.098,-0.47,0.7519,0.3991,2.9876,2.8853,3.10709,3.83162,4.87539,5.59672,-0.000274899777297222,0.000921269242745382,0.00169418603775995,3.73,45.73,2.65,5.34,4.62,5.07,4.78,3.7,-0.0118813278867522,0.0137933221323361,0.00560225554866944,0,-0.004382794182062,-0.00504691927475065
"16",2011-04-01,0.0476,8,-0.15,3.60000000000001,-0.135499999999993,2.620215,1.3212,4.841,-0.261520000000004,-0.143299999999996,4.62436,-0.000457026794802751,0.00025465379953804,0.0312865361003904,0.0790737824125989,0.0407065256497119,0.114758911700122,0.0572311278919715,0.7774,0.0147069998175455,3.0361,4.841,0.0999999999999996,5.27,4.45,3253.956,1350.076,858.503,-105.594,3.04452243772342,0.693147180559945,-0.641853886172394,0.0870113769896297,0.211309093667207,1.98,-0.39,0.7774,0.4318,3.0361,2.9904,3.34358,3.88954,4.84077,5.58547,0.0107964153359319,0.0053425502818687,0.00648403788436624,3.96,60.98,3.11,5.98,4.22,5.27,4.45,3.7,-0.0039920212695379,0.0270286723879192,-0.00560225554866944,-0.00776200533548899,0.0115231864260252,0.0135910946442372
"17",2011-05-01,0.048,8.3,-0.11,-1,-0.213899999999995,2.646848,1.4251,4.756,-0.0837700000000012,-0.211700000000008,34.41314,0.000913844811528008,0.00117057295092682,-0.0601274488623744,-0.00834381144424201,-0.0801349926385297,-0.0389414913590276,-0.0618228053591441,0.8558,-0.0171567886535557,3.0888,4.756,-0.0999999999999996,5.21,4.99,-821.052,451.667,99.868,-10.972,0.451985123743057,2.89037175789616,-0.105360515657826,-0.693147180559945,-0.100083458556983,2.106,-1.33,0.8558,0.4781,3.0888,2.9604,3.39285,3.94172,4.75615,5.51379,-0.0117996852487892,-0.0086335627408527,-0.00760683812964835,2.4,8.57,4.57,5.83,4.35,5.21,4.99,3.6,0.0079681696491769,-0.0134230203321408,-0.00563381771825622,0.00259403517704637,0.0033865571708418,0.00357933705293867
"18",2011-06-01,0.0484,8.3,-0.04,-2,-0.285899999999998,2.746991,1.4886,4.8156,0.130160000000004,-0.253499999999988,-40.61508,-0.00264227796004768,-0.00183280776283201,-0.0446992079384838,-0.0582186370792492,-0.0212322814178543,-0.083214588023528,-0.0443621126537002,0.8773,-0.0621020526247635,3.1637,4.8156,0,5.01,5.18,3098.759,457.59,265.146,28.195,-0.857450231851222,2.83321334405622,0.798507696217771,0,0.146603474191876,2.147,-0.93,0.8773,0.4963,3.1637,3.1811,3.47863,4.03454,4.81559,5.58536,0.00330212786266948,0.00297203905988752,-0.000796542808735978,2.95,16.56,5,8.01,4.53,5.01,5.18,3.7,0.0118344576470029,-0.00677968698537867,0.00563381771825622,-0.0078023802841849,0.00248590516724079,0.00119431226482369
"19",2011-07-01,0.0486,8.4,0.09,-2.7,-0.361400000000003,2.679657,1.5976,5.463,-0.086340000000007,-0.302600000000012,27.96294,0.00106791436323128,0.00223964259350495,-0.0908563849297703,-0.11368398820646,-0.0717995833533585,-0.0263296363135015,-0.092839008859785,0.909,-0.0471067483163354,3.2137,5.463,-0.1,4.71,4.87,2057.162,2662.522,449.508,135.893,-2.63905732961526,2.77258872223978,-0.693147180559945,-1.79175946922805,-0.200670695462152,3.67,-0.54,0.909,0.5251,3.2137,3.2985,4.32671,4.85198,5.46328,6.01809,-0.000135958430796279,-0.000652284289312632,0.00100805501484835,4.14,102.43,5.39,1.85,4.24,4.71,4.87,3.7,0.0155645165411116,0.03344793406754,0,-0.0237791917661139,0.00593162941197178,0.00940252597283653
"20",2011-08-01,0.0436,8.6,-0.03,-2,-0.429900000000004,2.758974,1.5521,5.2705,-0.305899999999994,-0.338200000000001,47.74614,0.00101600211940234,0.00309668496313886,-0.169270273060247,-0.167506471008814,-0.0809214423522255,-0.231635917406089,-0.052643733485422,0.9409,-0.180253603030538,3.4253,5.2705,-0.1,4.67,4.84,-4835.382,-3805.879,-1358.188,6.072,2.07944154167984,2.07944154167984,-2.30258509299405,1.94591014905531,-0.117783035656383,2.959,-0.25,0.9409,0.5504,3.4253,3.4246,4.14311,4.50659,5.27054,6.05462,-0.0171878961425467,-0.0091866747300493,-0.0097913617456733,4.13,139.2,4.27,-2.51,4.16,4.67,4.84,4.1,0.0153259704782269,-0.00660068403135172,0.0111733005981249,-0.0216224640131659,-0.00646671613354322,-0.00670642013277423
"21",2011-09-01,0.0436,9,-0.23,-5.2,-0.468500000000006,2.979015,1.5365,5.746,-0.374570000000006,-0.358769999999993,-1.45537000000002,0.00273806073098015,0.00207600266969354,-0.0478302505608355,-0.0232084204310126,-0.0573264951917181,-0.117107588146745,-0.0522141433078387,0.9581,-0.0671990180612472,3.4214,5.746,0.5,4.49,4.63,581.116,853.093,718.653,-48.902,0.485507815781701,2.07944154167984,2.63905732961526,-1.94591014905531,0.060624621816435,4.153,0,0.9581,0.5609,3.4214,3.4368,4.57255,5.01395,5.7457,6.50307,0.00409494397102073,0.00346713902196072,0.00230342959559415,5.27,247.66,3.27,-3.01,3.98,4.49,4.63,4.4,0.00757579380845774,-0.0544352065550173,0.00554018037561566,0.00272851465320434,-0.00855748856419147,-0.0099559339453279
"22",2011-10-01,0.0435,8.9,-0.02,2.09999999999999,-0.443999999999988,3.35641,1.5759,5.9719,-0.275509999999997,-0.17877,31.95688,-0.00101322264101711,0,0.0766173311502651,0.0261452801043223,0.190232692422323,0.0710164809464788,0.0873602831722979,0.999,0.0786906490927608,3.5442,5.9719,0,4.32,5.29,2503.649,700.208,-350.693,1033.987,0.613104472886409,2.484906649788,-0.441832752279039,2.30258509299405,0.302280871872934,3.57,-0.79,0.999,0.5755,3.5442,3.7281,4.76111,5.37501,5.9719,6.59993,-0.0061396288869151,0.000462083581856731,-0.00233942531930609,4.63,247.57,2.47,-1.32,4.21,4.32,5.29,4.5,-0.0113853222251254,0.061035890586369,0,-0.0164838897216897,0.0125893514150093,0.0163708594532306
"23",2011-11-01,0.0431,9.5,-0.17,-0.399999999999991,-0.393530000000013,3.256838,1.4847,7.0571,-0.0324600000000004,-0.0660299999999978,14.54832,0.00116511753004644,0.00121322429197424,-0.0478938721080677,-0.0786751192997925,-0.0195775119236012,-0.0101138662369289,-0.0568424509403918,1.0468,-0.0452552674392939,3.6987,7.0571,0,3.85,4.34,-1415.269,-504.829,-416.007,-77.5379999999999,-0.693147180559945,1.79175946922805,0.367724780125317,0.470003629245735,0.0833816089390509,6.087,-0.77,1.0468,0.5794,3.6987,3.8557,6.65309,6.8107,7.05709,7.16655,-0.0324800397562957,-0.0155506663211185,-0.0171956834518383,4.92,432.83,2.33,-4.35,3.49,3.85,4.34,4.7,0.00380952841666771,0,0.0272496424473756,-0.0252467827347838,-0.00245595033714885,-0.0032998504048436
"24",2011-12-01,0.0431,9.8,-0.02,-7.10000000000001,-0.372839999999997,3.287296,1.4261,6.812,-0.113329999999991,-0.0944999999999965,-30.26004,0.0015682310030769,0.000908953251491873,-0.0117873189366922,-0.00254129742867271,0.0208275120863619,-0.0121446043640141,-0.056823973665789,1.074,-0.000624618978589453,4.0343,6.812,-0.2,3.45,2.58,2985.075,2879.728,145.553,-427.248,-2.484906649788,2.07944154167984,-0.367724780125317,-0.37469344944141,-0.385662480811984,5.952,-0.57,1.074,0.5991,4.0343,4.1773,6.10171,6.28566,6.81193,6.80125,0.0403555895900887,0.0410554296103331,0.0303774830047079,4.44,340.84,2.73,-8.54,2.33,3.45,2.58,4.8,-0.00380952841666771,-0.00660068403135172,0.0212773984472845,-0.0056980211146378,-0.00314585000268508,-0.0037209179066533
"25",2012-01-01,0.0432,9.7,0,0.900000000000006,-0.363889999999998,3.162055,1.2222,6.5366,0.0428399999999982,-0.0727600000000024,-8.91539,0.00196944893856177,0.00171466076605853,0.0477686397992869,-0.00574164256767529,0.054100094920404,0.126675144754063,0.0254682695792514,1.1623,0.0261463519516578,4.2612,6.5366,-0.0999999999999996,3.15,1.45,-6590.473,-5701.481,-68.3050000000001,-471.87,2.39789527279837,2.39789527279837,0.575364144903562,0.310154928303839,-0.060624621816435,2.735,-0.95,1.1623,0.5507,4.2612,4.0233,5.00916,5.53692,6.5366,6.81594,-0.0405821251651837,-0.0163390987339671,-0.0156253365513681,3.13,327.29,1.53,-13.38,1.76,3.15,1.45,4.8,0.0189041546391526,0.00660068403135172,0.00524935588614417,-0.0231224174208537,0.0183160734558214,0.0238294708261435
"26",2012-02-01,0.0431,10.1,-0.01,-1,-0.34084,3.251231,1.0483,5.546,0.196979999999996,-0.0982100000000088,-44.24696,0.000252213171908267,0.000654829389977074,0.0325304496800491,-0.0371499220616376,0.0239706894890137,0.0668376289953225,0.0133224285168767,1.1935,0.0713320153382675,4.3329,5.546,0,2.68,0.83,2911.387,3397.784,-4.76799999999992,3.246,0,2.07944154167984,0,0,0.362905493689369,2.23,0.01,1.1935,0.5323,4.3329,3.793,3.45121,4.48002,5.54646,6.02877,-0.00611749395163841,0.0090010391377664,0.000826393002089532,3.74,384.08,-0.15,-15.81,1.33,2.68,0.83,4.8,0.0367688477870889,0.0387145121806904,-0.0105264129869878,-0.041797128678462,-0.00352941047364297,-0.00455410324263461
"27",2012-03-01,0.0445,10.7,0.1,2.5,-0.338509999999999,3.336605,0.8585,5.0488,-0.0712999999999937,-0.164929999999998,5.93523999999999,0.00196508263673856,0.000352422911136685,-0.0229718113529156,-0.104917939859498,0.0160462473314253,0.00317455284660317,-0.0379312223234094,1.2373,0.0101757423790936,4.2727,5.0488,0,2.18,0.02,2152.449,3061.039,21.8789999999999,-151.622,0.435318071257845,1.79175946922805,-0.693147180559945,-2.70805020110221,-0.0909717782057267,1.405,1.89,1.2373,0.5396,4.2727,3.5813,2.78311,3.95687,5.04876,5.68514,0.0173118415627584,0.022887451318601,0.0211644546307763,6.36,648.83,-2.22,-19.64,1.28,2.18,0.02,4.8,0.0527362960809432,0,-0.0160003413464409,-0.0372713947972314,0.00927575824222338,0.00138271972915405
"28",2012-04-01,0.0405,10.7,0.03,-2,-0.350629999999995,3.320313,0.7443,5.6758,-0.576560000000001,-0.291349999999994,49.32794,0.000754773981035406,0.00110680697519161,-0.090845587305008,-0.0894278099012584,-0.0477389829143493,-0.0745550630222254,-0.123274892457334,1.2168,-0.101601961701626,4.1435,5.6758,-0.1,1.76,1.32,827.598,-2146.19,854.519,145.029,0.302280871872934,1.79175946922805,0.405465108108165,1.6094379124341,-1.09861228866811,2.84,1.15,1.2168,0.5108,4.1435,3.6443,3.79211,4.67216,5.67583,6.11387,-0.00554963339319414,-0.00209647500643584,-0.00315526328421711,5.13,565.22,-4.4,-20.5,1.68,1.76,1.32,4.8,0.0102215540715385,0,0,-0.00953902304675891,0.00199262659421962,-0.00255929227092011
"29",2012-05-01,0.0422,10.6,-0.03,-3.7,-0.31795000000001,3.219512,0.6849,5.7833,-0.453150000000008,-0.2851,-42.60507,-0.000201217365737527,0.000150833354568114,-0.125299388095685,-0.0744802498771998,-0.0723206615796261,-0.0183807587216371,-0.225210798356727,1.2258,-0.0724715425986098,4.1208,5.7833,-0.2,1.29,-0.36,24.482,1180.36,257.119,-0.194000000000003,-0.737598943130779,1.38629436111989,0.22314355131421,0,0.887303195000903,2.34,1.17,1.2258,0.5167,4.1208,3.713,4.03329,4.87497,5.78334,6.08524,-0.00949199704768056,-0.00237538070647325,-0.00361294540288171,5.82,784.65,-5.81,-20.53,0.73,1.29,-0.36,4.8,0.0134682170508662,0.00630916919326507,-0.0108109161042158,-0.00963089306096121,0.00857202650632338,0.00976367067062789
"30",2012-06-01,0.0426,10.9,-0.09,5.10000000000001,-0.256489999999999,3.31384,0.6589,5.9037,-0.113420000000005,-0.0764400000000052,-6.44041000000001,0.00110619480306706,0.00055286107004715,0.10326827606492,0.0991728624675713,0.0729168463783227,-0.0199069805668799,0.260536667248467,1.2319,-0.0258242383330041,3.9658,5.9037,0,0.82,-1.44,3242.08,1658.379,525.396,93.253,-2.39789527279837,2.63905732961526,-0.628608659422374,1.09861228866811,0.111225635110224,3.972,2.24,1.2319,0.5188,3.9658,3.5239,4.81995,5.54551,5.90366,6.24086,0.0130175239340815,0.0104322715118439,0.00369320740327339,6.74,581.2,-5.83,-19.18,0.18,0.82,-1.44,4.8,0.00333890126551495,0.0186921330121521,0,-0.012987195526811,0.00349697441837904,0.00428955440308876
"31",2012-07-01,0.0447,11.1,-0.07,-2.7,-0.190159999999992,3.109815,0.497,5.996,0.178900000000013,-0.0773799999999909,-14.77482,0.00220872535955596,0.00225852689545647,-0.0272251929439395,-0.0888011186707895,0.00356924818036664,0.0641319297678522,-0.0411738387741631,1.2437,0.0270461477206752,3.9937,5.996,0,0.63,-0.94,1803.019,1940.116,-8.3309999999999,-28.241,3.17805383034795,2.484906649788,-0.693147180559945,-1.09861228866811,0.100083458556983,2.697,2.4,1.2437,0.5012,3.9937,3.5922,4.62353,5.40911,5.99562,6.41813,-0.0123050390458612,-0.00517040207216901,-0.00562525130606772,4.64,251.95,-6.12,-18.07,0.5,0.63,-0.94,4.8,0.00995033085316788,-0.0250013022054172,0,0.00326264563481615,-0.00199694799377426,-0.00250813526599991
"32",2012-08-01,0.0452,11,-0.0800000000000001,-1.8,-0.136380000000003,3.197675,0.3324,5.822,0.135079999999988,-0.0560800000000086,-28.40544,0.000401062821839382,0.000400982412269713,0.0834861028707028,0.119024263676533,0.04527766844754,0.0518754321458532,0.103011718336071,1.2522,0.0648699142668425,3.9521,5.822,0.2,0.38,-1.87,-5692.438,-4865.135,-924.235,51.685,-0.182321556793955,1.94591014905531,1.25276296849537,0.182321556793955,-0.479573080261886,2.767,4.18,1.2522,0.5163,3.9521,3.3389,3.92696,4.83779,5.82165,6.34336,-0.00212220890724701,0.00162796244585195,-0.000288862378871713,5.13,229.91,-6.4,-16.11,-0.12,0.38,-1.87,4.9,-0.0066225407604934,0,0.00542006746933898,0,-0.000792481752617036,-0.00173210705583138
"33",2012-09-01,0.045,11.2,-0.02,-0.700000000000003,-0.0897899999999936,3.197675,0.2463,5.254,-0.103499999999997,-0.0253399999999999,3.10213,0.000501102435821466,0.000300631328048695,-0.000307322219166295,0.0491536022980915,-0.0346455541164925,0.0300852565837904,-0.0133157759757725,1.2691,0.0663746494095552,3.8618,5.254,0,0.01,-3.15,360.311,435.234,554.048,-48.056,-1.38629436111989,2.56494935746154,-0.559615787935423,1.34373474670109,-0.485507815781701,1.692,6.83,1.2691,0.5417,3.8618,3.4558,2.97291,4.02917,5.2543,5.86694,0.024107506243725,0.0230925926660319,0.0200230640668106,4.6,164.36,-6.74,-17.18,-0.81,0.01,-3.15,4.8,0.0066225407604934,-0.0127390257774298,-0.0163491380015293,0.00972454989199489,0.00965375119994683,0.0114729614231752
"34",2012-10-01,0.0455,11.7,0.0800000000000001,0.599999999999994,-0.0294800000000066,2.601156,0.2079,4.9529,-0.17067999999999,0.0274500000000018,28.92102,-0.000100200400885875,-0.000250519829954499,0.0289794740707592,0.0523828169213312,0.0397402721842388,0.0157163695186311,0.113903012880941,1.2786,-0.0111023279195201,3.8046,4.9529,-0.1,-0.12,-2.88,2917.341,2108.048,-425.267,1238.772,0,2.484906649788,1.25276296849537,-0.570544858467613,0.318453731118535,1.941,5.65,1.2786,0.552,3.8046,3.5927,2.82452,3.76288,4.95287,5.64059,-0.0212016009632006,-0.00849075927587606,-0.0101252020517588,3.93,148.43,-6.37,-15.68,-0.97,-0.12,-2.88,4.8,0.00657897109804262,-0.00643089033029032,-0.00550965581096952,0.00643089033029032,0.00941427214568336,0.0130429904917655
"35",2012-11-01,0.0464,11.6,0.21,2.3,0.0262000000000029,2.507232,0.192,4.8514,-0.28886,0.140169999999998,-16.89883,0.000150296836534558,0.000400801608571477,0.0171326398297875,0.00481597078058482,0.026192693419866,-0.0442230938093715,0.028303776162852,1.2775,-0.0161282144077255,3.8301,4.8514,-0.3,-0.35,-3.36,-384.243,-355.824,-643.204,-87.9839999999999,1.38629436111989,2.39789527279837,-1.94591014905531,-2.56494935746154,0.0870113769896297,1.762,6.93,1.2775,0.5408,3.8301,3.6307,2.67382,3.69091,4.85144,5.51654,-0.00400552628143913,0.00107256716320769,0.000305605033734224,3.19,78.37,-6.77,-14.26,-1.42,-0.35,-3.36,4.8,0.00653597097978542,-0.012987195526811,-0.0167134809737406,0.00638979809877105,0.00232399687695306,0.00450156256180101
"36",2012-12-01,0.0468,11.6,0.05,0.800000000000011,0.0772999999999939,2.305475,0.1855,4.5416,-0.122200000000007,0.123990000000006,28.06239,0.000200360649839304,0.000100175306871009,0.0289993208932753,0.0740589465378279,0.00876237807898583,-0.00105207795080409,0.0630839754265766,1.2465,0.0357570618746523,3.6948,4.5416,0,-0.53,-2.13,506.204,183.003,389.165,-179.083,-1.38629436111989,2.70805020110221,0.559615787935423,1.38629436111989,0.22314355131421,1.456,5.94,1.2465,0.5377,3.6948,3.6418,2.46222,3.35357,4.54158,5.14425,0.0454930391356783,0.0334568946310476,0.0298945329679707,1.87,29.42,-6.9,-10.98,-0.87,-0.53,-2.13,4.9,-0.0164207302123276,0.0258078839558724,-0.0342890734786323,0.0126583968719234,-0.0163701429877889,-0.025762752529781
"37",2013-01-01,0.0479,12.1,0.12,-0.600000000000009,0.114910000000009,2.203065,0.2049,4.2077,0.151240000000001,0.03322,29.94194,-0.00120276650763262,-0.00215598368754755,0.0691819313184219,0.0233081417736745,0.00814557857071474,0.137012215682698,0.0265724790705195,1.1704,0.075985524982273,3.7027,4.2077,-0.2,-0.66,-2.69,-5608.811,-3661.643,-557.247,-1510.229,0,1.6094379124341,0,0,0.757685701697516,0.864,7.48,1.1704,0.4897,3.7027,3.6039,2.06516,2.95184,4.20769,4.93697,-0.0240686844848295,-0.0128735446569497,-0.0110425531971323,3.11,35.18,-4.91,-9.1,-1.57,-0.66,-2.69,4.9,0.0131580845775114,-0.00638979809877105,-0.023530497410194,0.0093897403498393,0.0167893759345503,0.021200839258448
"38",2013-02-01,0.0445,12,-0.09,-1.89999999999999,0.137409999999988,1.908397,0.2234,4.4929,0.226460000000003,0.0282499999999999,12.88513,0.000952309422144637,0.00190552660205956,-0.091057880366364,-0.147324714756859,-0.0573175522613476,-0.0152605042449099,-0.12757568935939,1.1556,-0.0431700740572127,3.7594,4.4929,-0.1,-0.72,-2.59,2830.274,2882.284,181.289,-34.841,1.6094379124341,2.30258509299405,-0.559615787935423,1.44691898293633,-0.330241686870577,1.094,7.94,1.1556,0.4889,3.7594,3.4679,2.39595,3.25576,4.4929,5.11563,0.0186282934807434,0.013641547573906,0.00884560505011756,2.25,44.27,-5.96,-11.64,-1.33,-0.72,-2.59,4.9,0.00651468102119379,-0.0259754864032606,-0.00597016698650377,0.00930239266231325,-0.00256606641668711,-0.00151242360674253
"39",2013-03-01,0.0462,12,0.1,2.8,0.157920000000004,1.614435,0.2061,4.6404,0.256219999999999,0.00624999999999432,56.95137,-0.000601353062472221,-0.00100245610119121,-0.0372743444459456,-0.0850455811924421,0.00400126284052105,0.0152605042449099,-0.0228022908739804,1.1644,-0.0220262043988129,3.6877,4.6404,-0.2,-0.82,-2.7,772.815,1968.958,-231.072,-656.946,-0.328504066972036,2.07944154167984,0.916290731874155,-0.348306694268216,-1.05605267424931,1.28,6.75,1.1644,0.5185,3.6877,3.4904,2.51893,3.38121,4.64036,5.28305,0.0167427097272643,0.0142602424893266,0.0119772343701356,0.43,-0.7,-8.25,-7.17,-1.61,-0.82,-2.7,4.9,0.0129034048359076,0.0195445960729703,0,-0.0218417419150487,0.00828395460980325,0.00924835076097352
"40",2013-04-01,0.0461,12.3,0.03,-4.40000000000001,0.185140000000004,1.134215,0.2089,4.278,0.443609999999993,-0.0105300000000028,-41.32164,0.000751634841089199,0.00105255253683989,0.0890716807396128,0.142524610617054,0.0353076171949405,0.0540430210800111,0.137539002160362,1.1378,0.00469371418690656,3.723,4.278,-0.5,-0.82,-3.61,1268.109,-1071.8,770.937,1113.218,-0.251314428280906,2.484906649788,0,-0.405465108108165,0.22314355131421,0.922,7.19,1.1378,0.4908,3.723,3.5639,2.19612,3.1938,4.27767,4.98657,0.00428072872805174,0.00143348104062291,-0.00221478523148555,0.21,-1.94,-9.16,-5.79,-2.28,-0.82,-3.61,4.8,0.00320000273067089,-0.012987195526811,0.00597016698650377,0.00314960890289617,0.00364967193812937,0.00540943355872692
"41",2013-05-01,0.0476,12.4,-0.2,2.3,0.223739999999992,1.134215,0.2012,3.964,0.375709999999998,0.101230000000001,-69.67176,-0.000150281778616979,-0.000100195381076418,0.0262756223810232,-0.0061496606516751,-0.0370204922436788,0.0676586891077027,0.0366496267667267,1.0915,0.0751954960910872,3.7061,3.964,0.2,-0.99,-3.73,-21.5040000000001,1697.911,344.556,-6.21200000000002,0.762140052046897,2.30258509299405,0.182321556793954,0.864997437486605,0.693147180559945,0.703,7.3,1.0915,0.4904,3.7061,3.4574,1.99179,2.86078,3.96398,4.74011,-0.00898429727971717,-0.00466555206068442,-0.00678562687212825,-0.81,-4.96,-9.03,-6.8,-2.51,-0.99,-3.73,4.8,0.0158481922400235,0.0321571116345312,-0.0302137785964964,-0.0158481922400235,0.0156519860553352,0.0171852766445468
"42",2013-06-01,0.0481,12.4,0,1,0.252440000000007,1.226415,0.2103,4.3789,0.33081,0.245410000000007,4.47714999999999,-0.000801884471376191,-0.00140379046415973,-0.121851348548548,-0.19127170259803,-0.10345756551174,-0.079907355197987,-0.0739482830149054,1.0763,-0.060591674127374,3.6446,4.3789,0.2,-1,-4.2,1692.327,-487.124,437.075,196.12,-1.79175946922806,2.07944154167984,0.0800427076735364,0.422856850820034,0.0487901641694322,0.962,6.58,1.0763,0.4878,3.6446,3.3382,2.4214,3.3144,4.37887,5.03649,0.00279316983776923,-0.000897887957828303,-0.00212289515950381,-1.03,-9.22,-8.76,-4.83,-3.02,-1,-4.2,4.8,0.0125001627642316,0,0,-0.012861913642408,0.00021146657139326,0.00125387557039858
"43",2013-07-01,0.049,12.2,0.09,2.30000000000001,0.260549999999995,1.225259,0.2214,4.4183,0.100860000000011,0.301289999999995,37.71384,0.000300782035554725,0.000501579987442824,0.0784138063547317,0.0382627057352884,0.0512616684121694,0.0843670422975493,0.0985564967361716,1.0548,-0.00469518889208231,3.6841,4.4183,0,-1.1,-4.06,3437.183,2354.472,476.394,21.221,1.33500106673234,1.6094379124341,0.268263986594679,-1.28785428830664,-0.646627164925052,1.078,4.97,1.0548,0.4718,3.6841,3.5105,2.32237,3.26006,4.41831,5.1374,-0.00805106291849889,-0.00644229661620521,-0.00647556022877538,-2.02,-12.56,-9.59,-1.82,-3.32,-1.1,-4.06,4.8,-0.0125001627642316,-0.00634922767865875,0,0.012861913642408,-0.00145297821948809,-5.98875365582785e-05
"44",2013-08-01,0.0497,12.5,0.12,5.19999999999999,0.262190000000004,1.220657,0.2259,4.4191,0.00506000000000029,0.301500000000004,-45.90353,0.000100240577469712,-5.01466790465699e-05,0.0120528307002292,-0.000799041193132788,0.0395448374163805,0.0443110867779866,-0.0211539788531785,1.0422,0.0622053044452109,3.6314,4.4191,-0.3,-1.18,-4.53,-5975.374,-4498.994,-1110.111,-25.821,-1.33500106673234,0,-0.887303195000903,0.117783035656384,-0.318453731118535,1.053,5.38,1.0422,0.4728,3.6314,3.4757,2.2181,3.15288,4.41911,5.06371,0.00948876181190528,0.00646852955436295,0.00562315728082119,-2.23,-13.96,-9.1,-4.37,-3.5,-1.18,-4.53,4.9,0,0.0126583968719238,0.00611622701743597,-0.00963089306096121,-0.00574267869910905,-0.00711727225504255
"45",2013-09-01,0.0502,12.6,0.04,2.40000000000001,0.261259999999993,0.9389671,0.2232,4.5411,0.0126799999999889,0.330129999999997,43.91861,-0.000401022613024438,-0.000300932894235828,0.0441286508110199,0.123892763786754,-0.0192819284227705,0.0705911807132855,0.0170944333593002,1.023,0.0219815636960368,3.6818,4.5411,-0.2,-1.1,-4.16,-614.73,-467.246,792.018,-86.911,1.28093384546206,2.07944154167984,0.251314428280906,-0.117783035656384,0.810930216216329,1.34,2.08,1.023,0.4392,3.6818,3.5434,2.4508,3.43245,4.54105,5.15923,-0.000809471863263411,-0.00180850364029617,-0.00383144278968572,-3.21,-14.94,-9.12,-3.16,-3.51,-1.1,-4.16,4.9,-0.0190481949706944,0.0309622256039668,-0.0122700925918147,0.00963089306096121,0.00385307542144275,0.00524527183464585
"46",2013-10-01,0.0509,12.6,0.03,-1.5,0.233170000000001,0.7511737,0.2258,4.2476,-0.161279999999991,0.246400000000008,-16.88878,0.000451139133946121,0.000651906850557715,0.104299376448289,0.137671820510173,0.095578253266317,0.0513113594966437,0.154828358141745,0.9951,0.0626391133299151,3.5954,4.2476,-0.4,-1.26,-4.89,4460.354,2772.921,-896.6,860.221,-0.810930216216329,2.484906649788,0.51082562376599,-0.693147180559945,-0.0571584138399484,0.999,3.28,0.9951,0.4161,3.5954,3.4856,2.25021,3.08999,4.24765,5.00608,0.0161171701319205,0.0109432924894826,0.00904871902636728,-2.79,-16.71,-8.7,-3.94,-3.68,-1.26,-4.89,4.8,-0.00966191091173707,-0.0122700925918147,-0.0186921330121521,0.0283483550042551,0.00804135033829922,0.0121690435344384
"47",2013-11-01,0.0518,12.5,0.08,3.09999999999999,0.214470000000006,0.6585137,0.2234,4.0951,-0.0393899999999974,0.239099999999993,33.83465,-0.000100235553635031,0.000200501253804219,-0.0172021024436599,0.0297081562855828,-0.0517167507603578,-0.0124097074740197,-0.0199420110014707,0.9896,0.0148248257236538,3.5426,4.0951,0.2,-1.53,-5.91,-1223.947,-918.139,-603.971,-105.688,0.75377180237638,2.56494935746154,0,0.693147180559945,-0.194156014440958,0.688,5.04,0.9896,0.4189,3.5426,3.426,1.83263,2.69619,4.09506,4.94568,0.00792670318726785,0.0100874200191381,0.00841217505557701,-2.63,-16.68,-8.49,-4.85,-4.3,-1.53,-5.91,4.8,-0.00649352931054814,0.0183491386681967,0,-0.0031104224143923,0.00847606019496716,0.0107594077319018
"48",2013-12-01,0.0528,12.6,0.05,0.200000000000003,0.18835,0.657277,0.2735,4.114,0.0482599999999991,0.127399999999994,-92.83828,-0.000401042716423383,-0.000501328531079537,-0.00283075445881487,-0.0533705305230117,-0.0125001062989565,0.00277104437794407,0.0129490335825113,0.975,-0.0254833251697431,3.5017,4.114,-0.1,-1.28,-5.23,2.83499999999958,507.498,278.773,-442.86,0.462623521948113,1.09861228866811,0.42744401482694,-2.07944154167984,0.405465108108165,0.707,2.82,0.975,0.4109,3.5017,3.4522,1.79146,2.68595,4.11398,4.90349,-0.00299924003383722,-0.00246093239837641,-0.00614041746547223,-3.39,-13.21,-8.6,-7.6,-3.74,-1.28,-5.23,4.9,0.00325203538637764,0.0120483385161747,0.0248459985865308,-0.0220481372217627,-0.0163093067463596,-0.023895016129428
"49",2014-01-01,0.0529,13,0.07,2,0.177970000000002,0.656045,0.292,3.866,0.170760000000001,0.0441000000000003,21.67202,0.000350921171667018,0.000651678094095942,0.023479867862136,0.0652471546855906,-0.0372786322321397,0.00620691647885563,-0.0633696762378873,0.9524,0.055432135681734,3.4948,3.866,0,-1.27,-4.93,-4507.806,-3090.409,-510.197,-399.798,-0.810930216216329,1.6094379124341,-0.650587566141149,2.30258509299405,0,0.735,2.27,0.9524,0.3755,3.4948,3.3856,1.57568,2.4406,3.86587,4.70291,-0.0121638925452565,-0.0106605748869306,-0.0110321115335719,-4.06,-18.33,-9.32,-7.21,-3.52,-1.27,-4.93,4.8,-0.0163669774642057,-0.0303974771843714,-0.00615386557437869,0.0313505298840759,0.00950033847535181,0.00918132562017426
"50",2014-02-01,0.0521,13,0.03,-0.5,0.165269999999992,0.4681648,0.2881,3.6512,0.37666999999999,0.0555000000000092,20.1796,-0.000250645413247597,-0.000350850816820625,0.05139368412976,0.0934838914952474,0.0367067134290187,0.0129782903096793,0.0148426967305788,0.9434,0.0234339802711014,3.4292,3.6512,-0.1,-1.21,-5.1,2022.992,2464.305,-133.436,-17.751,0.949080554697146,0.693147180559945,-2.484906649788,-2.30258509299405,0.0909717782057267,0.676,1.35,0.9434,0.3755,3.4292,3.4686,1.39121,2.29895,3.65119,4.55279,0.00254277561825411,0.00247072405968574,0.000261521875271953,-4.17,-23.72,-9,-5.98,-3.57,-1.21,-5.1,4.8,0.00329489589685261,0.0183491386681967,-0.0186921330121521,0,0.0083155004735449,0.0116610778492241
"51",2014-03-01,0.0527,12.7,-0.01,0.799999999999997,0.147800000000004,0.3738318,0.3053,3.3994,0.654480000000007,0.0610999999999962,-7.67257999999998,-0.000150417408591785,-0.000150402326506871,0.0593281765247742,0.0992126237812565,0.0409134685972439,0.100325901744462,-0.00677557237096016,0.9395,0.0413051547484846,3.4427,3.3994,-0.2,-1.09,-4.36,218.802,1240.366,-212.908,-203.761,-0.949080554697146,2.30258509299405,2.484906649788,2.39789527279837,-0.93826963859293,0.592,1.58,0.9395,0.3927,3.4427,3.4366,1.17199,2.06948,3.39943,4.36555,0.0191363226150365,0.0148264210652602,0.0125110473398742,-5.08,-21.3,-8.12,-5.94,-3.3,-1.09,-4.36,4.8,0,0.0180185055026785,-0.0126583968719238,-0.00309119256967261,0.00606387085735705,0.00671679135209402
"52",2014-04-01,0.0504,12.8,-0.05,-2.09999999999999,0.0949999999999989,0.5607477,0.3297,3.228,0.726739999999992,0.0283000000000015,-25.95354,0,0.000150402326506871,0.00420749864057868,-0.0083109742616978,0.0270872480140092,0.00916593604035265,0.0393870965723688,0.888,0.0351243683768736,3.3422,3.228,0.2,-1.07,-4.4,1875.366,-375.403,864.617,226.77,0.0800427076735364,1.38629436111989,0.606135803570316,-1.01160091167848,0.747214401830221,0.589,1.19,0.888,0.3745,3.3422,3.3294,0.99996,1.81917,3.22823,4.2216,0.00242183923864303,-0.00159007132865696,-0.0029135546934711,-4.84,-20.78,-6.15,-7.83,-3.15,-1.07,-4.4,4.7,-0.00329489589685261,-0.0119761910467155,-0.00638979809877105,0.012307847674597,0.012207607805891,0.0150708591903612
"53",2014-05-01,0.0507,12.7,-0.11,-0.400000000000006,0.00499999999999545,0.4672897,0.3246,3.1233,0.436610000000002,-0.0456999999999965,2.90983,0.000300812195188627,0.000601383199441585,-0.00707946081389466,0.0189648280589736,-0.00106941186662457,-0.0428770547700168,-0.0131580243728169,0.8725,-0.0221712818328612,3.3314,3.1233,-0.2,-1,-4.69,-2013.927,108.285,384.562,0.463000000000008,0.479573080261886,1.79175946922805,-0.0465200156348931,0.559615787935423,-0.379489621704904,0.65,2.64,0.8725,0.3713,3.3314,3.2901,1.08377,1.7431,3.12329,4.14923,0.0177737645398857,0.0109277601425291,0.00982500426172273,-3.92,-16.49,-6.62,-5.95,-3.19,-1,-4.69,4.7,-0.00995033085316788,-0.00604231445596293,-0.0129034048359076,0.0211808220794465,0.00896611760264854,0.0101598301522419
"54",2014-06-01,0.0511,12.3,-0.05,1.7,-0.0902999999999992,0.2795899,0.2414,2.92,-0.158360000000002,-0.0837000000000074,-0.87075999999999,0.00080172374891152,0.000350639921442131,-0.0161578842335253,0.0242695709144578,0.0667430982483896,-0.0491235530706695,-0.0367914568212742,0.8603,0.0273388820390341,3.2621,2.92,0,-0.89,-3.14,2261.575,-224.917,514.288,257.861,-0.100083458556983,2.484906649788,-0.741937344729377,-1.94591014905531,0.143100843640673,0.495,3.83,0.8603,0.3583,3.2621,3.0818,0.93867,1.4649,2.91968,4.03653,-0.00616616924753188,-0.00329814839939147,-0.00445593379630616,-5.75,-29.69,-8.05,-6.55,-2.33,-0.89,-3.14,4.7,-0.0134230203321408,0.0415490029128724,-0.0130720815673531,-0.00600602406021133,0.000811039866084329,0.000860680127450664
"55",2014-07-01,0.0508,12.9,0,2.40000000000001,-0.154199999999989,0.09310987,0.205,2.7936,-0.468339999999998,-0.131900000000002,6.09872,-0.000350675053064187,-0.000350639921442131,-0.0340373514587018,0.00234797008549803,-0.04713992746025,-0.0439668351521374,-0.0240213825752384,0.8266,-0.0387381271829712,3.21,2.7936,-0.1,-0.84,-3.88,4299.734,3186.357,354.934,60.583,0.191055236762709,1.94591014905531,0,2.77258872223978,0,0.387,5.44,0.8266,0.3238,3.21,3.0879,0.78144,1.37553,2.79361,3.99056,0.00132309694086352,-0.00105029128205736,-0.00110710142566184,-5.18,-33.4,-8.65,-7.5,-2.64,-0.84,-3.88,4.7,-0.00677968698537867,-0.00583092031079291,-0.00660068403135172,0.014947961435873,0.000266639247264777,0.00347312508336017
"56",2014-08-01,0.0478,12.6,-0.04,-5.40000000000001,-0.175870000000003,-0.09276438,0.1916,2.6327,-0.437200000000004,-0.183399999999992,-32.37814,0.000651155824555438,0.000701156937624958,-0.00586580002894799,-0.0574343596459437,-0.00420605257837581,0.0535903039855663,-0.00448862568313935,0.8103,-0.0534570862444577,3.1168,2.6327,0,-0.84,-3.8,-5539.723,-4346.972,-1099.582,-36.81,0.160342650075179,1.38629436111989,0.405465108108164,-1.16315080980568,-0.22314355131421,0.279,5.21,0.8103,0.3221,3.1168,2.9531,0.65666,1.24014,2.6327,3.82476,0.01430472437087,0.00548946831481167,0.00493969318091736,-4.8,-32.17,-9.06,-8.27,-2.55,-0.84,-3.8,4.7,0.00677968698537867,0.00583092031079291,-0.00664454271866877,-0.00894193737566162,-0.009185753556336,-0.0107619737301121
"57",2014-09-01,0.0472,12.9,-0.05,-2.59999999999999,-0.136859999999999,-0.1860465,0.0971,2.4,-0.177139999999994,-0.0687000000000069,56.87739,0.00070077087661069,0.000650634391461402,0.0213646847865547,0.042787275205209,-0.00581238080715352,0.0150772765161031,0.0683071179884509,0.791,0.0437030206607352,2.9932,2.4,-0.1,-0.75,-3.3,-667.084,-273.914,590.199,-83.327,-1.09861228866811,2.19722457733622,-0.405465108108164,-0.22314355131421,0.287682072451781,0.271,5.87,0.791,0.3087,2.9932,2.8736,0.57163,1.06697,2.40013,3.69994,0.00731667822657833,0.0017574339391544,0.00175052157378097,-4.54,-26.11,-9.85,-7.48,-2.31,-0.75,-3.3,4.8,0,0.00579711768432611,-0.00668898815079677,0,-0.00643497481784649,-0.00584426928463344
"58",2014-10-01,0.0469,13,-0.1,0.5,-0.084699999999998,0.09319665,0.0826,2.424,-0.0828400000000045,0.0130000000000052,-30.9421,-0.000200170145291168,-0.000300240194408552,-0.0544985031084728,-0.031917602968305,-0.104360068318412,0.122614833900351,-0.01939454730684,0.7916,-0.0786061529471942,2.8813,2.424,0.1,-0.7,-3.08,4957.67,3320.079,-584.975,1162.665,0.367724780125317,0.693147180559945,0.587786664902119,0,-0.207639364778244,0.301,5.48,0.7916,0.2725,2.8813,2.6594,0.779,1.15366,2.4239,3.75528,-0.00269322223836888,-0.00637956032439568,-0.00787705552500739,-3.74,-22.95,-12.03,-7.18,-2.1,-0.7,-3.08,4.8,0.0134230203321408,0,0,-0.00902261759963707,0.0109428985152302,0.0151660040205073
"59",2014-11-01,0.0465,13.3,0.04,-0.299999999999997,-0.0171100000000024,0.1869159,0.0809,2.2904,-0.0950799999999958,0.0230999999999995,55.44021,5.00462928307854e-05,0.000100090081156523,0.0115999743890089,-0.0478078458193216,-0.0562591643067951,0.029768293462892,0.0622791814300205,0.7353,0.00500734440410078,2.8982,2.2904,-0.1,-0.6,-2.61,-2915.089,-1911.853,-610.676,-139.113,-0.367724780125317,1.6094379124341,0.200670695462152,1.55814461804655,0.379489621704904,0.335,6.14,0.7353,0.2663,2.8982,2.5452,0.78041,1.09678,2.29036,3.69588,0.0316843487969898,0.0157394908901196,0.0147794801073271,-2.7,-23.22,-12.08,-5.22,-1.66,-0.6,-2.61,4.8,0,0.00576370471674981,-0.0203396842371224,0.00301659353942574,0.000946157466023223,-0.00089317026429292
"60",2014-12-01,0.0458,12.5,0.09,2.09999999999999,0.0608100000000036,0,0.0809,1.9898,0.0666400000000067,0.0174999999999983,-39.3975,0.000150123852460382,0.00030021014935766,-0.0514046917353781,-0.0485839998557442,-0.102116112853325,-0.0504115323913168,-0.0226819268056611,0.7311,-0.00760296905995617,2.8287,1.9898,-0.5,-0.55,-2.33,3108.114,2277.407,276.773,-389.934,-0.587786664902119,2.07944154167984,-0.526093095896779,-0.864997437486605,-0.379489621704904,0.418,6.14,0.7311,0.2945,2.8287,2.5702,0.74084,1.05086,1.9898,3.334,0.00728869554578182,0.00616771713553455,0.00490869823479301,-2.22,-17.53,-12.21,-1.78,-1.56,-0.55,-2.33,4.8,0,0.0114286958236232,0,-0.00604231445596293,-0.0116208337450843,-0.0183121551415315
"61",2015-01-01,0.0453,12.4,0.03,2.7,0.124809999999997,-0.5586592,0.0627,1.7021,0.418029999999987,0.0592999999999932,-21.03016,0.000100070049117384,0,0.0755214919610356,0.0805420834641888,0.0265231460553168,0.0620751469819463,0.0953102332802591,0.6737,0.0139122159725709,2.8192,1.7021,-0.4,-0.6,-2.76,-8848.076,-5358.132,-639.543,-721.01,2.00148000021012,1.38629436111989,0.570544858467613,0.810930216216329,0.613104472886409,0.243,7.84,0.6737,0.2503,2.8192,2.5211,0.58435,0.88747,1.70214,3.01772,0.0053502916209851,-0.000483496170156528,-0.000219134272439803,-0.79,-27.03,-12.67,0,-1.78,-0.6,-2.76,4.8,0.00332779009267448,-0.017192400540373,-0.0207619914484294,0.0150378773645405,0.0141573951749443,0.0176033499716066
"62",2015-02-01,0.0445,12.5,0.01,0.799999999999997,0.158519999999996,-0.09319665,0.0482,1.5568,0.603700000000003,0.148700000000005,-13.60187,0.000350166332585111,0.000450146305147392,0.0856900189118779,0.0275743713619712,0.112849183979187,0.0940041695064568,-0.0161729127215353,0.6557,0.0950056379643529,2.751,1.5568,0.3,-0.55,-2.99,2771.387,3465.732,-217.838,-6.18,-0.176930708159078,2.56494935746154,-0.93826963859293,-0.810930216216329,-0.287682072451781,0.209,7.78,0.6557,0.2334,2.751,2.5372,0.42529,0.77583,1.55683,2.62568,-0.00416790357256325,-0.00168423990198541,-0.00223702629696554,-0.6,-34.07,-13.32,5.1,-2.02,-0.55,-2.99,4.7,0,-0.011628037995119,-0.0355909451027023,0.020680205237539,0.00147548832431532,0.00255559492733326
"63",2015-03-01,0.0435,12.6,0.04,5,0.152500000000003,-0.09310987,0.0272,1.2942,0.348430000000008,0.210599999999999,23.38633,0.000200040008667912,0.000100005000334136,0.0360224311709576,0.0225699856661312,-0.033529566789765,0.0609350255598695,-0.00490336054348672,0.6478,0.0682106139519787,2.6801,1.2942,0.2,-0.39,-2.2,281.761,443.913,-26.8409999999999,-239.995,-0.949080554697146,2.07944154167984,0.441832752279039,-0.133531392624523,0.287682072451781,0.079,7.15,0.6478,0.2298,2.6801,2.3988,0.27459,0.55009,1.29423,2.17352,0.00763644843383027,0.0014953106992408,0.00125403303690952,-0.59,-21.49,-12.73,0.18,-1.44,-0.39,-2.2,5,-0.013378125946176,0,-0.0219789067187754,0.0145140428842536,0.00681446578444422,0.00856670512008506
"64",2015-04-01,0.0427,12.2,0.08,-0.700000000000003,0.123400000000004,-0.09293681,0.0047,1.3574,0.0467299999999966,0.129000000000005,-54.92903,0.00015000375037566,0,-0.00483085899201185,0.00568183346743112,0.063065086415274,-0.0234460495147624,-0.0463899338440639,0.6177,0.0367299025320857,2.6252,1.3574,0.3,-0.28,-2.19,2267.649,-221.733999999999,1125.108,36.043,0.773189888233482,1.79175946922805,0.538996500732687,0.451985123743057,-0.34484048629173,0.013,6.91,0.6177,0.2117,2.6252,2.3946,0.26617,0.55975,1.3574,2.25732,0.00797491218898472,0.00305174617892945,0.00174087519405575,-0.28,-24.36,-13.37,5.13,-1.4,-0.28,-2.19,5.2,-0.00337268447863925,-0.0176995770994011,-0.00743497848751806,0.00860837453660013,0.00482386033092297,0.00551287079742302
"65",2015-05-01,0.0382,12.3,0.08,-0.599999999999994,0.082099999999997,0.09302326,-0.0104,1.812,-0.0893400000000071,0.0374999999999943,92.2783,0,0,0.0193451839985919,0.0420676772587654,-0.0470745848131857,0.0926438105439189,0.00740960906664112,0.6684,-0.00950170734918654,2.6504,1.812,0.4,-0.19,-1.9,-1605.829,337.94,513.098,-1.78799999999998,-0.773189888233482,1.6094379124341,-0.133531392624523,0,0,0.027,7.26,0.6684,0.2048,2.6504,2.1676,0.35666,0.82007,1.81211,2.86806,0.0175863227768431,0.0104301634360553,0.0089400800934385,-0.25,-30.94,-14.18,5.06,-1.2,-0.19,-1.9,5.5,0,0,-0.0150378773645405,0,0.0104387326761461,0.0110209148403921
"66",2015-06-01,0.038,12.4,0.03,2.8,0.064399999999992,0.1858736,-0.0139,2.199,-0.0881599999999878,-0.0137,-26.6272,-0.000200010001167428,-0.0002000200026675,-0.0450489693770368,-0.0835193947217447,-0.0290951513266866,-0.0567431529982687,-0.085927926201081,0.6076,-0.0159795993185394,2.7747,2.199,-0.1,0.02,-1.56,325.962,-1193.28,343.586,222.288,0.0800427076735364,1.6094379124341,0,-1.01160091167848,0.2578291093021,0.061,5.32,0.6076,0.2007,2.7747,2.127,0.54486,1.14223,2.19919,3.22647,-0.00439071500891863,-0.00439341389263426,-0.00628389081500735,0.57,-7.77,-13.56,-1.44,-1,0.02,-1.56,5.8,0.00337268447863925,0.00593473551981427,-0.0076045993852194,-0.0143887374520992,-0.00630210556176181,-0.00941375188441285
"67",2015-07-01,0.0379,11.8,-0.02,0.400000000000006,0.0686000000000035,0.1860465,-0.0187,2.0421,0.0281799999999919,-0.0271000000000043,22.65218,0.00039998000633279,0.000449988757874387,0.0468497634179368,0.0531861867752044,0.00250941160542562,0.0685880160737162,0.103936234524092,0.5606,0.00327460359436405,2.7808,2.0421,0,0.18,-1.06,6728.089,4745.241,292.201,58.656,0.653926467406664,2.07944154167984,-1.94591014905531,0,-0.200670695462152,0.124,4.83,0.5606,0.1878,2.7808,2.0586,0.4642,1.01861,2.04214,3.11562,0.00260369949948824,0.00117441319978617,0.000482454596660631,0.9,-1.26,-13.97,1.67,-0.62,0.18,-1.06,6.1,-0.0101523714640179,-0.00593473551981427,0,0.00289435802636451,-0.00186586777705422,0.000553497559588223
"68",2015-08-01,0.0381,11.6,-0.07,-1,0.0985000000000014,0.185701,-0.0277,1.839,0.381150000000005,-0.00659999999999172,-28.24158,9.99700090806854e-05,4.99862537903795e-05,-0.0702184060921134,-0.065067514661957,-0.0870113769896297,-0.11275318326837,-0.0934713806346679,0.5556,-0.000225022503199668,2.8169,1.839,-0.1,0.25,-0.79,-6470.048,-5798.947,-713.074,2.551,-0.653926467406664,1.09861228866811,0,-1.38629436111989,-0.810930216216329,0.011,3.93,0.5556,0.1845,2.8169,2.102,0.30429,0.82257,1.83856,2.84122,-0.00158525798031128,-0.00048262242242636,0.000167403080828521,0.97,-3.37,-13.64,4.36,-0.48,0.25,-0.79,6.4,0.00339558900113834,0.0176995770994011,0,-0.0204386676772743,-0.00655689313444974,-0.00856492948621934
"69",2015-09-01,0.0376,11.6,0.04,1.8,0.152699999999996,0.1863933,-0.037,1.92,0.620999999999995,0.0704999999999956,10.3649,0.000149936277362706,0.000299865062969751,-0.0299275982257665,-0.00699653028983604,-0.040451819252278,-0.0497914218874684,0.00183548531691979,0.5556,-0.0555097690712598,2.6745,1.92,-0.2,0.35,-0.88,-143.004,162.937,-26.129,-81.97,0.207639364778244,1.79175946922805,1.54044504094715,1.94591014905531,0.810930216216329,0.028,4.32,0.5556,0.1856,2.6745,1.9735,0.30934,0.80557,1.92014,2.94858,0.012664082315208,0.0067014120515978,0.00534508934240918,0.42,-5.7,-13.61,-1.79,-0.45,0.35,-0.88,6.6,-0.0102215540715385,-0.0117648415795868,-0.00766287274556898,0.0117303397854895,0.00326500622499104,0.00468276604178541
"70",2015-10-01,0.0375,11.8,0.16,-0.400000000000006,0.155000000000001,0.2793296,-0.0536,1.696,0.626100000000008,0.0653000000000077,-29.16986,0.000649464214871109,0.000849129693136774,0.0524855640446322,0.0508418384344587,0.0560506435098582,0.146941630080367,0.0523928729362533,0.5385,0.0284337100778771,2.603,1.696,0.2,0.5,-1.12,2817.457,2604.292,-725.93,2620.864,0.171850256926659,1.79175946922805,0.305381649551182,0.826678573184468,-0.405465108108164,0.023,6.16,0.5385,0.1714,2.603,2.0103,0.2336,0.62371,1.69606,2.7098,0.0256709098613914,0.0146566562771646,0.0144246871104485,0.12,-11.32,-13.13,2.06,-0.51,0.5,-1.12,6.9,-0.0068728792877617,-0.00593473551981427,-0.00772204609391025,0.00581396986542027,0.00886273069519561,0.0117545549355142
"71",2015-11-01,0.0371,11.5,0.08,0,0.0995000000000061,0.09328358,-0.0876,1.5702,0.373099999999994,-0.0474999999999994,0.567830000000001,0.000599131277595255,0.000848409283578988,0.0121997532178906,-0.0052568818790415,0.03699232884557,-0.0623704221708188,0.0431394926606177,0.5431,0.0112909324521162,2.5687,1.5702,-0.3,0.8,0.3,-1198.923,-387.051,-663.286,-285.111,0,1.94591014905531,-0.305381649551182,-1.67397643357167,0.606135803570316,-0.03,2.85,0.5431,0.1699,2.5687,1.8731,0.15388,0.54674,1.57018,2.68721,-0.0118969453162805,-0.00973905915149054,-0.00920067643860456,-1.37,-11.72,-13.45,0.22,0.55,0.8,0.3,7.2,0.0068728792877617,0.00593473551981427,-0.0156253179030807,-0.0175443096509098,0.00147519704364107,-0.000480315721393509
"72",2015-12-01,0.0366,11.7,0.04,-0.200000000000003,0.0297999999999945,0.09328358,-0.1263,1.5786,0.0712999999999937,-0.0984000000000123,-9.29877999999999,-9.98302885921731e-05,-0.000498977107303844,-0.0589077631199881,-0.0699516443312505,-0.110996775972024,-0.0078097192064841,-0.0618754037180871,0.522,-0.0250996392142548,2.4994,1.5786,0.2,0.72,-0.62,-248.128,1571.79,189.191,-563.448,0.0512932943875506,1.79175946922805,-0.847297860387203,1.29928298413026,-0.0953101798043252,-0.003,3.21,0.522,0.1633,2.4994,1.9163,0.14256,0.60038,1.57864,2.65242,0.0251113173306479,0.0171810598823772,0.0169238180970623,-0.78,-18.63,-13.32,2.48,-0.35,0.72,-0.62,7.6,-0.00343053509678892,0,0.0156253179030807,-0.0118695755553837,-0.0201939494174344,-0.0260285213664666
"73",2016-01-01,0.0362,11.6,0.05,-2.39999999999999,-0.0164999999999935,0.252809,-0.1461,1.534,-0.139399999999995,-0.115099999999998,10.33721,0.000798363397526813,0.00129682296592293,-0.138012017495226,-0.0323788076096421,-0.0384094481148716,-0.340948860917872,-0.204552662372867,0.4983,-0.0885909199725612,2.4882,1.534,0,0.81,-0.79,-4789.451,-5955.072,-99.232,-1767.412,0.0487901641694322,1.94591014905531,1.09861228866811,0.492476485097794,0.22314355131421,-0.074,3.61,0.4983,0.1395,2.4882,2.0309,0.06824,0.54088,1.5343,2.6584,0.000793088183431934,-0.000575368777422369,-0.000923001902918941,-1.58,-7.5,-15.75,1.84,-0.15,0.81,-0.79,7.8,0,0.0117648415795868,-0.0156253179030807,-0.00899556290857761,0.00989966355951921,0.0119655023131084
"74",2016-02-01,0.035,11.8,-0.02,0.299999999999997,-0.0531000000000006,-0.3218284,-0.1836,1.558,-0.328099999999992,-0.0886999999999887,22.49205,0.000199491297854237,9.96859892170576e-05,-0.0570280616781584,-0.0171310399301836,-0.0251633559027411,0.0191931768639706,-0.0737175758965676,0.4936,-0.111810543113784,2.4091,1.558,-0.4,1.02,0.49,3590.473,4015.104,-77.854,-17.766,0.322773392263051,2.19722457733622,0,-0.251314428280906,-0.174353387144778,-0.032,2.96,0.4936,0.1439,2.4091,1.9366,0.10039,0.51843,1.5585,2.72134,-0.00340202588569305,-0.00568854568366461,-0.00556536074075353,-1.03,7.2,-16.04,-2.37,0.69,1.02,0.49,8,0.00684934184557484,-0.0058651194523982,-0.00790517950711367,-0.00301659353942574,0.00947505902523815,0.0128453783712725
"75",2016-03-01,0.0306,11.6,-0.07,-1.7,-0.0729000000000042,-0.2143523,-0.2285,1.375,-0.341800000000006,-0.0180000000000007,-15.20548,-0.000149614742318782,-0.000448665228494072,0.0276353163996141,0.051050284301436,0.0266682470821618,0.031933047103009,0.0170282752281108,0.4873,0.0645581996394684,2.3296,1.375,0.1,1.1,-0.14,1237.254,1391.669,29.5309999999999,-230.579,-0.594707107746693,1.38629436111989,-0.182321556793954,-1.25276296849537,0.0465200156348931,-0.068,3.32,0.4873,0.1431,2.3296,1.9028,0.01437,0.3199,1.37516,2.5326,0.0114710386748484,0.00682150982197527,0.00553663783990999,-1.17,-8.98,-16.86,0.91,0.34,1.1,-0.14,8.3,-0.0137459209046353,-0.0359320092260633,-0.0322608622182212,0.0326923616855423,0.00656786467478021,0.00853751496471133
"76",2016-04-01,0.0297,11.8,-0.08,3.90000000000001,-0.0837999999999965,-0.5,-0.2492,1.4418,-0.225099999999998,0.0342999999999876,4.06171000000001,4.9874067988398e-05,-9.97307271193293e-05,0.0263475859987388,0.015275246095005,0.0654779293795067,0.0404409390707055,0.0220122739754891,0.4661,-0.00767252940998908,2.2927,1.4418,-0.3,1.14,-0.39,1916.627,-612.809999999999,771.229,43.6,0.318453731118535,1.6094379124341,0.51082562376599,1.74919985480926,0.0444517625708336,-0.081,4.98,0.4661,0.1294,2.2927,1.9222,0.07907,0.48513,1.44177,2.54451,0.0278500910413957,0.0163289647541927,0.016429036080579,-0.51,-5.66,-16.61,-3.03,0.44,1.14,-0.39,8.7,0.00345423486808771,0.0240975515790605,0.0081633106391612,-0.0326923616855423,0.00103796306595783,0.00276285101827867
"77",2016-05-01,0.03,11.6,-0.07,0.599999999999994,-0.106800000000007,-0.2927509,-0.2572,1.5263,-0.179600000000008,0.0379000000000076,-26.92369,4.98715806900307e-05,0.000149592361095685,-0.0314181888542855,0.02888647062424,-0.0336587448273353,0.0385756012475191,-0.0220122739754891,0.4634,-0.0071181859770677,2.2501,1.5263,0.2,1.46,0.58,-1749.692,233.563,436.702,-6.66400000000002,-0.606135803570316,2.30258509299405,-1.02165124753198,-1.74919985480926,-0.570544858467613,-0.14,2.42,0.4634,0.1262,2.2501,1.777,0.0802,0.48642,1.52632,2.65175,-0.0113125178789026,-0.0109146054672067,-0.0103967012954822,-1.54,0.44,-16.02,-2.72,0.86,1.46,0.58,9.1,0.00344234419097278,-0.0240975515790605,-0.0081633106391612,0.00301659353942574,0.00456506427424408,0.00473658532725274
"78",2016-06-01,0.0303,11.7,-0.07,-2.2,-0.109200000000001,-0.3780148,-0.2679,1.4535,-0.0425999999999931,0.0207999999999942,115.74459,0.000498579060036697,0.00054831394838839,-0.106899356889482,-0.0233434985082677,0.0559437896167703,-0.0331027690183592,-0.211128531214678,0.4532,-0.0436652791802592,2.1993,1.4535,0.1,1.48,0.19,854.178,-454.09,486.336,26.449,0.916290731874155,1.09861228866811,0,0,0.430782916092454,-0.122,3.15,0.4532,0.1216,2.1993,1.7315,0.09492,0.44282,1.45346,2.52199,0.00621221492264468,0.000780379000298481,0.000822631618392577,-0.42,4.97,-16.11,-1.23,0.71,1.48,0.19,9.5,-0.00344234419097278,0,-0.00823049913651541,-0.00604231445596293,0.00362183553948903,0.00708137916649676
"79",2016-07-01,0.0306,11.7,-0.03,-0.5,-0.126199999999997,-0.08588672,-0.2945,1.2272,-0.0260999999999996,-0.0118999999999971,-67.71125,4.98442367709018e-05,-9.96710855005745e-05,0.0392900341155435,0.0340857893092514,-0.0595920972022457,0.0545778246682183,0.110277318301365,0.4281,-0.0287266509857416,2.0887,1.2272,0.2,1.48,-0.26,4806.513,2989.415,384.714,-78.399,-1.20397280432594,2.19722457733622,0.798507696217771,0,-1.38629436111989,-0.176,4.01,0.4281,0.1057,2.0887,1.7053,0.00112,0.30914,1.22722,2.25283,0.0210568938231077,0.0127719854882908,0.0121652500427611,-0.39,7.23,-15.54,-5.97,0.54,1.48,-0.26,10,-0.00692044284457394,-0.0122700925918147,-0.00829880281469508,0,0.00198473915720676,0.00128094408633928
"80",2016-08-01,0.0309,11.6,-0.04,-2.3,-0.116500000000002,-0.07182577,-0.2982,1.1763,-0.299500000000009,-0.0601999999999947,-26.91844,-9.96909581125749e-05,0,0.00571302615956526,-0.0396287614252238,-0.0102866447102752,0.056376422561589,-0.0327898228229908,0.4258,0.0156750591047281,2.1618,1.1763,0,1.61,0.14,-5236.069,-4817.244,-447.241,122.439,1.6094379124341,1.94591014905531,-2.99573227355399,0,1.38629436111989,-0.19,3.23,0.4258,0.104,2.1618,1.6514,-0.02585,0.24124,1.17635,2.12889,-0.0107432975714161,-0.00833973107586417,-0.00898668387223189,-1.62,10.23,-16.32,-7.09,0.81,1.61,0.14,10.3,-0.0104712998672953,0.00615386557437869,0,-0.00607904607638243,-0.0135773259463949,-0.0158357055945135
"81",2016-09-01,0.031,11.9,0.02,0.200000000000003,-0.083999999999989,0.1,-0.3016,1.2661,-0.313489999999987,-0.0202000000000027,37.68445,-4.98492061620226e-05,-9.96810208162557e-05,-0.0325349475050043,0.00252334224225237,-0.0546418159916051,-0.0219487283695532,-0.0485270408946605,0.4238,-0.00162800224080062,2.0174,1.2661,0.2,1.67,0.09,440.143,1075.04,-506.307,-137.484,-0.548565951748837,1.6094379124341,2.94443897916644,0.693147180559945,-0.162518929497775,-0.175,1.93,0.4238,0.1062,2.0174,1.4979,0.00444,0.27567,1.26606,2.28833,0.00749331589639191,0.00384480182583147,0.00381529680448445,-1.1,13.65,-17.45,-5.12,1.01,1.67,0.09,10.8,-0.00351494210744452,-0.00615386557437869,0.00829880281469508,-0.00611622701743597,-0.00457477797129613,-0.00508938946258297
"82",2016-10-01,0.031,11.7,0.06,1.09999999999999,-0.0238000000000085,-0.185701,-0.309,1.45,-0.050210000000007,0.0263000000000062,-8.02333999999999,4.98492061620226e-05,-0.000249246032047346,0.0432000536650712,-0.0121705356202553,0.0299676670417099,0.0711911027647316,0.0804676067663963,0.4114,0.00642538989526287,2.0339,1.45,0.1,1.73,0.83,1125.281,485.438,-512.824,88.06,-0.424883193965266,2.39789527279837,-0.45953232937844,-0.133531392624523,0.211309093667207,-0.238,1.69,0.4114,0.0971,2.0339,1.57,0.07881,0.44733,1.45047,2.4931,0.0174957821913448,0.0112241035556746,0.0117632595023895,-0.89,17.68,-16.46,-5.5,1.17,1.73,0.83,11.2,-0.0106195688274604,-0.00619197024792095,-0.00829880281469508,0,0.00459885326625908,0.0059100614351113
"83",2016-11-01,0.0309,12,0.02,0.200000000000003,0.0264000000000095,0.0862069,-0.3127,1.943,0.0745100000000036,0.0335999999999927,48.08526,4.98467213416731e-05,0,-0.0114309490286129,-0.0274131466241438,-0.00531310547776931,0.0229836981235367,0.0126637403650181,0.4099,-0.01087004413366,2.0518,1.943,0.1,1.83,0.03,-1292.505,-165.598,-529.861,-14.338,-0.268263986594679,2.07944154167984,0.405465108108164,-1.94591014905531,-0.336472236621213,-0.217,2.99,0.4099,0.093,2.0518,1.5591,0.33646,0.84342,1.94278,3.0095,0.0026132959017211,-0.00160568354191781,-0.000473261106840539,-0.16,19.95,-17.45,-4.79,0.52,1.83,0.03,11.6,-0.0143371631464073,-0.0188093319574962,-0.00836824967051664,0.0121952730938184,0.00308868879184665,0.00370410245606934
"84",2016-12-01,0.0307,11.8,0.03,-0.899999999999991,0.0560999999999865,0.4869525,-0.3158,1.886,0.11018,0.113500000000002,-20.8231,0,4.98541765434624e-05,0.12759828755218,0.0935447858300631,0.16324165152851,0.0340025059307787,0.169374570427892,0.4099,0.100012933645471,2.024,1.886,0.5,1.88,0.26,1661.48,1633.06,285.499,-376.266,-1.17865499634165,2.07944154167984,-0.405465108108164,0,0.125163142954006,-0.196,5.06,0.4099,0.0939,2.024,1.5379,0.15204,0.69276,1.88618,2.98658,0.0325907852105782,0.022267716115465,0.0211726936247452,1.2,29.04,-19.21,-6.3,1.08,1.88,0.26,12,-0.00724640852076686,0.0311551677797959,0.00836824967051664,-0.0245411089161176,-0.00622842251165245,-0.00845468536718919
"85",2017-01-01,0.0307,11.8,0.05,3.59999999999999,0.0597000000000065,1.004016,-0.3255,1.9911,-0.0234800000000064,0.160299999999992,-46.54661,9.96859892170576e-05,9.97008973913083e-05,-0.0340466313833598,-0.0805203766580187,-0.0849567224759658,0.0283877614223531,0.0429726546960945,0.4132,0.0460408009535991,2.0799,1.9911,0.6,2.16,0.84,-6251.476,-5795.465,-86.8199999999999,1107.56,1.90954250488444,1.6094379124341,-0.693147180559945,2.30258509299405,0,-0.25,2.26,0.4132,0.0819,2.0799,1.5602,0.11717,0.68904,1.99107,3.1013,-0.0209546992577234,-0.0163039049120091,-0.0152520834886527,-0.18,34.58,-18.09,-10.35,1.16,2.16,0.84,12.2,0.0036297680505788,0.012195273093818,-0.00836824967051664,-0.0125001627642316,0.0139562530528607,0.0167152205660273
"86",2017-02-01,0.03,11.5,0.13,0.799999999999997,0.0512999999999977,1.609658,-0.3286,2.352,-0.240200000000002,0.153900000000007,1.19431,4.98392683700999e-05,-9.97008973913083e-05,0.0172011985693103,0.0475076700361652,0.0215810672876406,0.0591725132116498,-0.0863948161463726,0.4143,-0.0185205802772295,2.1604,2.352,0.3,2.19,0.03,2963.65,2422.874,160.551,-69.348,-0.251314428280906,1.94591014905531,1.6094379124341,0.0953101798043248,0.302280871872934,-0.247,2.86,0.4143,0.0793,2.1604,1.5242,0.29679,0.91491,2.35192,3.33585,0.00446959292285598,0.00235069387465536,0.00306172725147213,0.16,31.7,-14.57,-6.79,0.78,2.19,0.03,12.7,0.0143887374520992,-0.0183491386681967,-0.00843886864586452,-0.0126583968719234,-0.00461709701790802,-0.00560713437053906
"87",2017-03-01,0.0299,11.7,0.17,0.900000000000006,0.0480000000000018,1.405622,-0.3293,2.401,-0.20872,0.113799999999998,-15.54462,-9.96810208162557e-05,-4.98541765434624e-05,0.0802161198316647,0.0855707214481078,0.0555884646365561,0.0805069243163024,0.0971911423365954,0.4126,0.0508805991467165,2.1056,2.401,-0.5,2.35,0.15,827.466,3215.455,-296.951,-146.771,-0.559615787935423,2.30258509299405,-0.567984037605939,-0.0953101798043248,-0.191055236762709,-0.226,2.76,0.4126,0.081,2.1056,1.6694,0.3332,1.17341,2.40073,3.33109,0.0163714513576352,0.0103260973001138,0.0104192923161701,2.8,70.9,-15.71,-6.95,0.91,2.35,0.15,13,0.00711746776886413,0,-0.0170944333593002,-0.0128206884290614,0.0088104361523289,0.00961820018228821
"88",2017-04-01,0.0264,11.2,-0.06,1.89999999999999,0.0644000000000062,1.909548,-0.3304,2.257,-0.243399999999994,0.073599999999999,-36.69674,0.000149517805357213,0.000299087784493501,0.00565524937043627,-0.0113922398637203,-0.0729560425444609,0.0614008493032676,-0.0251457353692217,0.3986,0.0259731357562849,2.1312,2.257,0.4,2.35,0.12,281.246,-1982.307,571.138,-456.343,0.7339691750802,1.94591014905531,0.462623521948113,-0.916290731874155,-0.998528830111127,-0.239,2.87,0.3986,0.0754,2.1312,1.5197,0.35102,1.0533,2.25705,3.26358,0.0233936770666219,0.0152103147569012,0.0144870138348292,2.6,70.69,-15.61,-7.67,0.73,2.35,0.12,13.3,0,-0.012422519998557,-0.0173917427118693,0,0.00451912193324233,0.00448946732261923
"89",2017-05-01,0.0272,11.5,-0.15,-1,0.1066,1.402806,-0.3295,2.194,-0.173119999999997,0.0302000000000078,1.04284999999999,0,4.98392683700999e-05,0.00592732797446516,0.0864383439099417,-0.0126941055781562,-0.0375537602911722,-0.0335930818024366,0.3985,0.0450369943093802,2.1227,2.194,-0.5,2.47,0.23,-901.335,557.978,438.753,-26.757,-0.22314355131421,1.09861228866811,-0.462623521948113,0.559615787935423,1.09861228866811,-0.304,3,0.3985,0.0723,2.1227,1.5993,0.34134,0.92805,2.19402,3.28281,-0.00752762856745548,-0.00646317964731757,-0.007205341063937,1.81,69.65,-16.1,-8.86,0.98,2.47,0.23,13.6,-0.0178895647507753,0.0185763855729357,0.00873367996875452,-0.00323102058144675,0.00393148242002184,0.00337665698393863
"90",2017-06-01,0.0274,11.2,0.02,0.600000000000009,0.156299999999987,1.201201,-0.33,2.053,-0.0261500000000012,0.0447999999999951,36.74719,-9.96760529110574e-05,-0.000398783714970818,-0.00713771648794292,-0.0135423144519342,-0.0682834000134176,-0.0465872158951557,0.0253000142316759,0.3974,-0.0132538438717855,2.0952,2.053,-0.0999999999999999,2.57,-0.09,2181.658,95.71,538.367,84.942,-0.162518929497775,1.09861228866811,-0.125163142954006,-1.94591014905531,-1.09861228866811,-0.351,3.22,0.3974,0.073,2.0952,1.5386,0.22243,0.77957,2.05337,3.23127,0.0018328874900746,0.000910108720409752,0.000928205236785828,0.86,46.86,-15.33,-6.71,1.11,2.57,-0.09,13.8,-0.0218986853076375,-0.00615386557437869,0,0.012861913642408,0.00435329717450195,-0.000291175991804948
"91",2017-07-01,0.0277,11.4,0.02,-1.90000000000001,0.215800000000002,1.098901,-0.3304,2.231,0.342269999999999,0.102599999999995,-25.61536,9.96760529110574e-05,0.000249258457383661,0.0429186638634942,0.0273183619960524,0.0158314652166802,0.0655403218897286,0.0618892828722917,0.3931,0.0083445012957819,2.0686,2.231,0,2.69,0.35,2531.941,1817.229,94.9160000000001,45.729,-0.268263986594679,1.38629436111989,0.470003629245736,1.38629436111989,0,-0.352,2.91,0.3931,0.0676,2.0686,1.5465,0.24084,0.84323,2.23141,3.37775,0.000550047729660719,0.000758366019633527,0.00119612719621998,1.61,46.18,-14.33,-3.46,1.4,2.69,0.35,14.1,-0.00369686188132601,-0.00619197024792095,-0.00873367996875452,0.00318979536810016,0.00795351891150453,0.0110883317403374
"92",2017-08-01,0.0279,11.4,0.06,2,0.258099999999999,1.196411,-0.3291,2.1099,0.604810000000001,0.158900000000003,-42.33213,0,0.000149525257587158,0.00848582597509662,0.052691570075639,-0.0150718753586618,0.0631789782529748,-0.019098374362029,0.3898,0.0140643876880198,2.1122,2.1099,0.2,2.7,-0.04,-2453.616,-3112.563,106.276,7.973,0,1.38629436111989,-0.980829253011726,-1.38629436111989,0.451985123743057,-0.337,4.09,0.3898,0.0662,2.1122,1.5929,0.15143,0.83122,2.10986,3.26563,0.00431412899396477,0.0043247763792138,0.00491447171824788,2.98,46.07,-14.77,-1.61,1.09,2.7,-0.04,14.4,0.0110498361865852,-0.0125001627642312,0.00873367996875452,-0.0160517090105081,-0.00872034457297133,-0.0120709213057246
"93",2017-09-01,0.0279,11.2,0.1,0.299999999999997,0.253700000000009,1.098901,-0.3294,2.1095,0.5625,0.158900000000003,59.49271,-4.98367845409575e-05,-0.000149525257587158,0.0462730583251538,0.00196463717416484,0.0611158138600687,-0.00464900866533746,0.0467617659080393,0.3869,0.023397374069785,2.0213,2.1095,0.1,2.64,-0.66,-110.853,1063.571,-382.869,-60.578,0.730887508542792,2.07944154167984,-0.405465108108165,1.09861228866811,0.435318071257845,-0.326,6.23,0.3869,0.0673,2.0213,1.4472,0.10676,0.83306,2.10949,3.32424,0.0211175348374244,0.0138693639406284,0.0135006236657418,3.47,35.39,-15,1.04,0.74,2.64,-0.66,14.7,-0.00735297430525916,0.00626961301359508,0,-0.00649352931054814,0.00195953837356377,0.00252923676298522
"94",2017-10-01,0.0279,11.1,0.1,0.900000000000006,0.225899999999996,1,-0.3295,2.0738,0.380299999999991,0.103200000000001,-24.92367,0,9.96859892170576e-05,0.00428090259114633,0.0441530449208007,0.00285306898240645,0.0257603386480199,-0.0076433493125676,0.3819,0.0163013823887033,2.1952,2.0738,-0.2,2.77,-0.5,1365.701,405.823,-1089.665,411.93,-0.160342650075179,1.94591014905531,0.606135803570316,0.847297860387203,0,-0.334,4.75,0.3819,0.0621,2.0052,1.5047,0.1113,0.77732,2.07385,3.30449,0.00372921753036337,0.0011443838857339,0.000606988398047292,2.42,36.06,-16.79,-1.15,0.97,2.77,-0.5,15,-0.0299647887019363,-0.0125787822068602,-0.00873367996875452,0.0257248912384358,0.00208318555909948,0.00357986226180884
"95",2017-11-01,0.0276,11,0.05,0.5,0.172200000000004,0.9009009,-0.329,1.7888,0.214400000000012,0.0331999999999937,-2.97061000000001,-0.000149525257587158,-0.000149532710558731,-0.018839413187937,0.0241199076895453,-0.0165174311764642,-0.0783788821541775,-0.0167637710396673,0.3949,0.00177520108055251,1.9703,1.7888,0.1,2.84,0.37,-1596.73,-244.899,-717.243,-75.95,-0.191055236762709,1.94591014905531,0.897941593205958,0.619039208406224,-0.435318071257845,-0.395,3.22,0.3949,0.0621,1.9703,1.4918,0.00811,0.55106,1.78885,3.05185,-0.00309637009465469,-0.00298680464264578,-0.00214447015921948,1.07,36.15,-16.35,0.03,1.42,2.84,0.37,15.4,-0.0191944472561469,-0.00634922767865875,-0.00881062968215485,0.00947874395454384,-0.00641902744411027,-0.00804758472681222
"96",2017-12-01,0.0275,10.9,0.02,-0.400000000000006,0.0917999999999921,0.8973081,-0.3279,1.794,0.172599999999989,-0.00560000000000116,-1.17475,0.000149525257587158,4.98467213416731e-05,-0.0232905159396033,-0.0614269601023558,-0.000724375258041476,0.00392149522150786,-0.0117725362252674,0.3832,-0.00484145040784778,1.8966,1.794,-0.2,2.77,0.15,640.614,416.612,428.523,-155.047,0.387765531008764,2.07944154167984,-1.50407739677627,-1.46633706879343,0.241162056816888,-0.407,3.64,0.3832,0.064,1.8966,1.5042,-0.01832,0.52223,1.79452,3.05699,0.027924628603019,0.0198722977928441,0.0176122179951701,0.44,23.23,-16.1,-2.2,1.79,2.77,0.15,15.9,-0.0195700961940974,0.0189280098855189,-0.0178576174000065,-0.00314960890289617,-0.00866067502729351,-0.00425457076180358
"97",2018-01-01,0.0277,11.1,0.0499999999999999,-2.8,-0.0126999999999953,0.8946322,-0.3285,1.984,-0.017399999999995,-0.0315999999999974,40.83332,-4.98392683700999e-05,4.98442367709018e-05,0.0729470738321893,-0.0039062549670652,0.0485140736099754,0.196892049470779,0.0494165343746906,0.3854,0.0378612675895935,1.9198,1.984,0,2.78,1.87,-5920.366,-4851.124,20.623,-152.36,-0.241162056816888,2.07944154167984,1.09861228866811,1.09861228866811,0.693147180559945,-0.42,5.17,0.3854,0.0591,1.9198,1.4214,0.10105,0.67387,1.98419,3.21169,-0.00672886951989149,-0.00142668035736193,-0.0031884072578201,1.9,23.68,-16.7,1.25,2.67,2.78,1.87,15.8,0.0117879557520424,-0.0189280098855189,-0.00904983551991778,0.00628932890756406,0.00956915833276994,0.00981452941672067
"98",2018-02-01,0.0273,10.8,0.0600000000000001,2.3,-0.0892999999999944,0.4950495,-0.3285,2.081,-0.0808999999999997,-0.0579999999999927,-23.89936,0,-4.98442367709018e-05,-0.0390143130740253,-0.0669680846195919,-0.0547654569109617,-0.0379999690311088,-0.0337504176302912,0.388,-0.0337122715428855,1.9093,2.081,-0.2,2.76,1.12,3459.412,3255.796,-89.4140000000001,1.54900000000001,-1.01160091167848,2.30258509299405,-0.251314428280906,-2.19722457733622,-0.287682072451781,-0.401,3.96,0.388,0.0595,1.9093,1.5407,0.09978,0.71736,2.08078,3.12495,0.00184443404777035,0.000344718129797528,0.000290755078477645,0.56,25.85,-19.22,0.26,2.29,2.76,1.12,15.9,0.00389864041565735,0,-0.00913248356327268,-0.00313972000466789,0.000426226267650875,0.000703957870298311
"99",2018-03-01,0.0275,11,-0.1,-1.8,-0.137900000000002,0.7920792,-0.3279,1.9655,-0.0305000000000035,-0.12700000000001,-1.58261999999999,0,0,-0.00872792815688683,0.0391885205125162,0.0410028152719706,-0.0370727872796976,0.0119106510258353,0.3982,-0.00546372214461677,1.8825,1.9655,0.3,2.79,1.05,929.276,1481.021,-173.586,-65.374,-0.133531392624523,1.09861228866811,-0.559615787935423,1.79175946922805,0.0909717782057267,-0.403,3.87,0.3982,0.0616,1.8825,1.5368,0.03293,0.82637,1.96547,2.99028,0.0202984359571392,0.013025142036831,0.0123645645680579,-1.38,-2.86,-17.2,0.72,2.29,2.79,1.05,15.9,-0.00389864041565735,-0.0258078839558724,-0.0279087881170765,0.0248459985865308,0.00677970737128319,0.00787815963561833
"100",2018-04-01,0.0274,11.1,-0.16,-0.5,-0.16810000000001,0.4930966,-0.3285,1.7734,0.0636999999999972,-0.131199999999993,-0.227180000000004,4.98392683700999e-05,9.96859892170576e-05,0.0676352327856851,0.0582309437724973,0.125591279832588,0.0640836349128024,0.0689288694388637,0.3996,0.0345308977916936,1.8362,1.7734,-0.2,2.87,2.11,-33.4859999999999,-1477.238,1014.207,14.869,0.538996500732687,2.30258509299405,1.01160091167848,-0.693147180559945,-0.93826963859293,-0.399,2.2,0.3996,0.0568,1.8362,1.4729,-0.01439,0.6511,1.77335,2.85125,0.00254063584831776,-0.000200330052640751,-0.000575097262972335,-1.77,-2.38,-17.75,3.64,2.93,2.87,2.11,16,-0.0039138993211365,0,-0.0190481949706944,0.00611622701743597,0.00438387514594751,0.00618114307611251
"101",2018-05-01,0.0279,10.6,-0.16,-0.899999999999991,-0.183399999999992,0.9881423,-0.3252,2.1797,0.0520000000000067,-0.0970000000000084,57.93195,-4.98392683700999e-05,-0.000548395955613401,-0.0960098173758954,-0.113450180918124,-0.0448166495379545,0.00744699890160216,-0.140210071443827,0.404,0.00772720105837799,1.8268,2.1797,0.8,2.78,1.1,-1276.217,194.702,378.965,-21.246,0.154150679827258,1.79175946922805,-0.200670695462152,0.693147180559945,0.575364144903562,-0.361,3.91,0.404,0.0569,1.8268,1.4354,0.52608,1.09371,2.17969,3.16042,0.00790307713089078,0.00465500731954371,0.00336382466041485,-0.24,-2.61,-17.69,5.41,2.4,2.78,1.1,16,0.0384662808277962,-0.00655740054615928,0.0190481949706944,-0.0341118345068629,0.00589127105790865,0.00704228903587634
"102",2018-06-01,0.028,10.9,-0.12,1.09999999999999,-0.188500000000005,1.285856,-0.322,2.7442,0.245999999999995,-0.0878999999999905,-5.80756,-0.000149532710558731,0.000199451509012682,-0.00727523886540027,0.0114166144872334,0.0265017421061664,-0.0718771942000158,-0.012448293526568,0.3965,-0.0528235246368141,1.7982,2.7442,0,2.76,0.5,3713.05,1809.119,530.4,257.597,0.305381649551182,2.30258509299405,-0.117783035656383,-1.79175946922805,0.271933715483642,0.55,4.71,0.3965,0.0511,1.7982,1.4938,1.21638,1.84118,2.74417,3.49271,0.0177835972746472,0.0124057461665039,0.0117197237885787,1.33,-3.39,-19.05,4.76,2.39,2.76,0.5,16.2,0.0223889948934786,0.0259754864032606,0.00938974034983886,-0.0451689683679115,-0.00177965132747637,-0.00142678867090495
"103",2018-07-01,0.028,10.5,0.01,-1.2,-0.201099999999997,1.482213,-0.3207,2.643,0.21390000000001,-0.070999999999998,-28.03592,4.98467213416731e-05,9.97108386506795e-05,0.0268899715696129,0.00272908745010536,0.0344798432953293,-0.0249179763671892,0.056152727761297,0.4019,-0.0015776867674937,1.7875,2.643,0.2,2.9,1.1,1756.596,518.698,383.327,-65.01,-0.0540672212702757,1.6094379124341,-0.0645385211375711,1.09861228866811,-0.405465108108165,0.337,2.71,0.4019,0.0473,1.7875,1.4934,1.07212,1.75693,2.64298,3.43033,-0.0219620126394062,-0.0207348873825293,-0.0203739076847054,0.01,-3.96,-19.26,5.46,2.53,2.9,1.1,16.2,0.00368324541629628,-0.00643089033029032,0,0.00329489589685261,0.00804260209661756,0.00907791337651886
"104",2018-08-01,0.028,10.2,-0.02,-0.700000000000003,-0.202699999999993,1.576355,-0.319,3.161,0.0527999999999906,-0.0782000000000096,-13.63231,0,-9.97108386506795e-05,-0.0916828885447583,-0.113077144618971,-0.0298382994921442,-0.00534473039057914,-0.0578939784189023,0.3988,-0.0296020940390305,1.8512,3.161,-0.1,2.84,1.16,-1901.929,-2930.568,194.897,11.796,-2.89037175789616,1.38629436111989,-1.6094379124341,0,-0.441832752279039,0.679,2.37,0.3988,0.0467,1.8512,1.5544,1.55578,2.23175,3.16096,3.63307,0.00094040067250134,0.000581336734903459,-0.000293457216306692,0,-3.93,-18.22,5.83,2.62,2.84,1.16,16.4,0,0.00643089033029032,0.0093023926623137,-0.0132452267500205,-0.00662504684387955,-0.00718497341630275
"105",2018-09-01,0.028,10.4,-0.02,-0.699999999999989,-0.195600000000013,1.383399,-0.3188,2.959,-0.0217999999999989,-0.070999999999998,21.74186,-9.96959275036957e-05,-9.97207818933532e-05,0.0215828472634954,0.0350589411099769,0.0187222628136574,0.0323402525008927,0.0366165799716178,0.392,-0.000542594665934537,1.8022,2.959,0,2.76,1.72,-2428.685,-1332.176,-567.161,-92.042,2.89037175789616,1.38629436111989,1.46633706879343,1.09861228866811,0.693147180559945,0.436,3.11,0.392,0.0475,1.8022,1.4578,1.30779,2.16423,2.9585,3.55168,0.0256861650980529,0.0188074984381856,0.0176247740269595,1.27,-3.67,-17.38,8.95,2.82,2.76,1.72,16.5,-0.00368324541629628,0,0,-0.00333890126551495,0.00206168476007917,0.00337936873670053
"106",2018-10-01,0.0281,10.8,-0.02,-1.40000000000001,-0.18249999999999,1.584158,-0.3177,3.469,-0.068799999999996,-0.100799999999992,39.42505,4.98492061620226e-05,0.000199431620544033,-0.0836200071502642,-0.0178371982770886,-0.0360173981991032,-0.144512031005477,-0.0411580724935079,0.3935,-0.0725367968800708,1.8789,3.469,0.2,2.85,1.6,2333.264,2390.323,-1382.338,111.289,-0.944461608840851,1.79175946922805,-0.485507815781701,-2.19722457733622,-0.117783035656383,0.949,2.53,0.3935,0.0454,1.8789,1.5268,2.11422,2.8332,3.46884,3.93431,-0.0175458211882038,-0.0145651555028472,-0.0144230214815728,1.4,-3.14,-17.25,4.61,2.7,2.85,1.6,16.6,0.00735297430525916,-0.00643089033029032,0.0183491386681967,-0.00671143458798662,0.00131063865468128,0.00287727786257364
"107",2018-11-01,0.0278,10.6,-0.1,0.0999999999999943,-0.170400000000001,1.587302,-0.3164,3.39,-0.125299999999996,-0.117900000000006,-9.60949000000002,9.96909581125749e-05,9.97008973913083e-05,0.00725698434867006,0.100039508308656,-0.0975666393965207,0.0364961231247651,0.0418298897844793,0.3776,-0.0268390797822509,1.9061,3.39,-0.4,2.74,1.03,-1601.906,-16.7049999999999,-929.66,-32.007,-0.559615787935423,1.94591014905531,0,2.56494935746154,0.446287102628419,0.63,3.47,0.3776,0.0455,1.9061,1.5103,1.87667,2.57099,3.39008,3.9688,-0.00346443375708994,-0.00300499733452675,-0.00334261639481248,2.07,-3.25,-17.15,4.26,2.3,2.74,1.03,16.6,0,0.00643089033029032,0.00904983551991778,-0.0101523714640179,0.00403696900647432,0.00398631996929844
"108",2018-12-01,0.0278,10.3,-0.12,-1.89999999999999,-0.167100000000005,1.086957,-0.3119,2.975,-0.104399999999998,-0.140199999999993,48.37259,-0.000199391855503883,-0.000149555073934771,-0.0461224282568331,0.0516690066798493,-0.0355828065685748,-0.0936545992678126,-0.0196683179816266,0.359,-0.0251752446458973,1.8938,2.975,-0.4,2.77,1.42,-321.127,-1078.932,756.271,-112.004,1.09861228866811,1.38629436111989,0.559615787935423,-1.46633706879343,-0.653926467406664,0.37,1.17,0.359,0.0474,1.8938,1.4718,1.2708,2.01734,2.97513,3.67788,0.0183606206947609,0.0139268004768169,0.0147944651983671,1.45,-3.04,-12.54,7.44,2.06,2.77,1.42,16.9,-0.00735297430525916,0.00638979809877105,0.00896866998276025,-0.0136988443581618,-0.0121699135507942,-0.0162672552203453
"109",2019-01-01,0.028,10.5,-0.02,-0.400000000000006,-0.1798,0.8866995,-0.308,2.77,-0.153200000000012,-0.1601,-17.63769,4.98516912292857e-05,0,0.073966543628746,0.0430716429714446,0.0741391450333193,0.166109622026443,0.0465044488885757,0.3595,0.033159563323407,1.9531,2.77,-0.1,2.74,-0.49,-4216.782,-2122.195,-233.684,-19.371,0.348306694268216,1.94591014905531,0.451985123743058,0,0.526093095896779,0.285,1.1,0.3595,0.0433,1.9531,1.474,0.96861,1.70434,2.77011,3.60909,-0.010749975905588,-0.00596326891589172,-0.00461832715220645,0.15,-3.19,-10.41,8.07,1.11,2.74,-0.49,16.8,0.00368324541629628,-0.00638979809877105,-0.018018505502678,0.0136988443581618,0.0165162930651839,0.019297950554682
"110",2019-02-01,0.0279,10.5,-0.05,-1.3,-0.170149999999992,0.9852217,-0.3084,2.812,-0.259899999999988,-0.136300000000006,-11.40952,9.96959275036957e-05,4.98541765434624e-05,0.045993572014309,0.0102022422794354,0.0240235762578371,-0.03093970258226,0.0258162126910504,0.3566,0.04183897885411,1.9137,2.812,0.1,2.76,0.08,3137.829,2981.221,-65.2170000000001,15.784,-0.125163142954006,2.19722457733622,0.0870113769896297,1.20397280432594,-0.693147180559945,0.181,2.62,0.3566,0.0464,1.9137,1.5229,1.05888,1.76913,2.81241,3.73947,0.00391869297996728,0.00373470443595281,0.00323513181556123,2.19,-3.24,-10.29,9.1,1.37,2.76,0.08,16.8,0.0109690313705744,0.00638979809877105,-0.0183491386681967,-0.00682596507040012,-3.71731120480945e-05,0.00203383258216583
"111",2019-03-01,0.0279,10.1,0.03,1.7,-0.13785,0.9823183,-0.3092,2.6899,-0.230800000000002,-0.0985000000000014,-50.8275,-4.98467213416731e-05,9.97008973913083e-05,0.0298823595895445,0.0696943797584415,0.0380382210023886,0.067883270237405,0.0500181906126178,0.339,0.043362934795951,1.8535,2.6899,-0.1,2.7,-0.37,336.187,1323.114,-53.6959999999999,-69.997,0.382992252256106,2.484906649788,-0.8754687373539,-2.30258509299405,0.646627164925052,0.06,3.4,0.339,0.0487,1.8535,1.4215,0.93023,1.49989,2.68985,3.69183,0.0235850919970471,0.0183362123339972,0.018042287113607,2.84,-2.98,-8.85,11.28,1.04,2.7,-0.37,16.8,0,0.0189280098855189,-0.037740327982847,0.00341880674878592,-0.0019305217654555,-0.00156093311972683
"112",2019-04-01,0.0281,10.4,-0.04,0,-0.102050000000006,1.07949,-0.3105,2.6176,-0.0840000000000032,-0.031400000000005,37.32482,0,4.98467213416731e-05,0.0275780279326892,-0.0114609382869495,-0.0346153635268016,0.0249031965842228,0.0473460627937285,0.3325,0.0344620235825737,1.8575,2.6176,0.3,2.71,-0.37,1068.902,-1857.748,1316.566,-54.363,-0.693147180559945,0.693147180559945,0.262364264467491,0,-0.405465108108165,0.07,3.61,0.3325,0.0474,1.8575,1.4598,1.13866,1.7141,2.61756,3.57105,0.00105315302473841,0.000289897643897419,0.000359310559280956,1.53,-2.98,-7.87,7.29,0.97,2.71,-0.37,16.8,0.0036297680505788,-0.00626961301359508,0,0,0.00591265333929414,0.00683520490061618
"113",2019-05-01,0.0286,10.1,-0.01,1,-0.0853500000000054,0.7827789,-0.3119,2.644,0.0344999999999942,0.0101000000000084,18.88403,0.000249208763469788,0.000498330602828112,-0.0998453146327449,-0.0123116908858525,-0.113880815623781,-0.0543480324398367,-0.0960907734507326,0.3794,-0.0427732885219525,1.8538,2.644,-0.5,2.68,-0.02,328.995,2206.867,514.383,-15.261,0.435318071257845,1.09861228866811,0.0741079721537217,1.09861228866811,0.0689928714869517,0.122,3.73,0.3794,0.0468,1.8538,1.4264,1.23578,1.83336,2.64404,3.59259,0.00739120902611212,0.00683099881170079,0.00669026603333123,1.92,-2.07,-7.1,6.74,1.14,2.68,-0.02,16.7,0.00361664047018806,0,0.00956945101615059,-0.00341880674878592,-0.00352549372286504,-0.00483587796889751
"114",2019-06-01,0.0294,9.7,-0.06,-0.200000000000003,-0.0968099999999907,0.6835938,-0.3289,2.284,-0.0211999999999932,-0.0441000000000003,-49.31669,0.00104599914898973,0.00109545397600108,0.069852380110488,0.0974296882198584,0.0728342810673683,0.0913892548062911,0.0523744183211075,0.3764,-1.18424246968729e-05,1.7701,2.284,0.1,2.53,-0.46,1816.946,303.802,227.02,153.745,-0.125163142954006,1.38629436111989,0.405465108108165,-1.09861228866811,0,0.069,3.46,0.3764,0.0478,1.7701,1.3485,0.98654,1.54702,2.28374,3.27366,0.0172823846807564,0.0115748673004177,0.0115309068563949,1.51,-2.05,-5.05,6.1,0.58,2.53,-0.46,16.7,-0.0255955471889635,0,-0.0388398333162638,0.0369790032410875,0.00900319833109009,0.0114663749793635
"115",2019-07-01,0.0298,9.7,-0.02,0.599999999999994,-0.104790000000008,0.3894839,-0.3649,1.196,-0.0160000000000053,-0.0588000000000051,-25.73623,0.000298656050004453,0.00039804956242584,0.00766546498842935,0.00956324656073115,-0.0279087881170765,0.0218377501541065,0.0167669202435423,0.3743,0.0471101270505105,1.6937,1.196,-0.3,2.49,-0.33,3904.394,2200.136,845.371,-41.315,-0.762140052046897,1.38629436111989,-3.04452243772342,1.09861228866811,-0.143100843640673,-0.061,5.07,0.3743,0.0449,1.6937,1.3712,0.46802,0.92164,1.6539,2.71306,-0.00155356608929047,-0.00116841969025216,-0.000304815621635868,1.52,-2.47,-2.78,3.88,0.8,2.49,-0.33,16.6,0,-0.0126583968719238,-0.00995033085316788,0.013114942077828,0.00957354994514148,0.00932807255222912
"116",2019-08-01,0.0298,9.6,0.02,-1.5,-0.101860000000002,0.3879728,-0.4077,1.4036,-0.19189999999999,-0.0546999999999969,23.68127,0.000199054491824668,0.000547059568535957,-0.0035246797170938,0.061772155929757,-0.0375887028864375,-0.0234624134135748,-0.0222165253410873,0.3683,-0.0500276325592868,1.6971,1.4036,0,2.43,-0.58,-5297.44,-4665.17,-531.944,42.379,0.451985123743057,1.09861228866811,2.07944154167984,-1.09861228866811,0.0741079721537217,0.107,6.27,0.3683,0.0451,1.6971,1.2589,0.37837,0.78216,1.40365,2.42224,0.017734957013662,0.0142534849871563,0.0143632740635145,2.1,-2.62,-2.62,4,0.61,2.43,-0.58,16.6,-0.00371057939653596,-0.00638979809877105,-0.030459207484709,0.0161554402222852,-0.00133572061817411,-0.00166249334490054
"117",2019-09-01,0.0279,9.8,-0.01,-1.19999999999999,-0.0768699999999995,0.2923976,-0.4176,0.9021,-0.221000000000004,-0.0544000000000011,-0.748809999999992,-0.000248824306441797,-0.000596807099825014,0.0361443063358369,0.0382344823712226,0.0255480446356926,-0.000325256142077457,0.076533802855633,0.3702,0.0468602545377008,1.4396,0.9021,-0.2,2.51,-0.82,-1247.114,86.502,-209.259,-105.69,0.241162056816888,1.09861228866811,-0.470003629245735,0,-0.154150679827258,-0.226,4.17,0.3702,0.0457,1.4396,1.2631,-0.00526,0.30294,0.90208,1.96784,-0.00283844851665727,-0.00378466912596664,-0.00367375509812007,0.68,-3.5,-0.78,1.74,0.61,2.51,-0.82,16.6,0.00371057939653596,0,-0.0208340869028416,0,-0.00937932291434684,-0.0107708268754632
"118",2019-10-01,0.0279,9.7,0.11,0.0999999999999943,-0.0523499999999899,0.1949318,-0.4129,1.1936,-0.137799999999999,0.004099999999994,-16.58327,-0.000547631507475721,-0.000696725418848132,0.0261645185827089,0.0129071474979512,-0.0336214829833192,0.111328373557409,0.0219726820702224,0.3681,0.0075890444985891,1.3946,1.1936,-0.1,2.45,-1.31,6517.404,4712.311,-1332.99,26.232,1.02450431651439,1.79175946922805,1.16315080980568,0,0.0800427076735364,-0.219,5.71,0.3681,0.0425,1.3946,1.3104,0.05178,0.36925,1.00355,2.01827,0.00663488652859456,0.00474189102965106,0.00528871476196713,2.26,-3.99,0.91,5.21,0.42,2.45,-1.31,16.5,-0.0111733005981254,0,0.0104712998672953,0.0127390257774298,0.0031440522154913,0.00371283785836951
"119",2019-11-01,0.0277,10,0.06,2,-0.0344300000000004,0.1953125,-0.4013,1.2659,-0.031800000000004,0.038800000000009,-5.74485,-4.97995567938503e-05,-0.000298745272088397,0.0246159043804806,-0.0121775932232344,0.0105557350153953,0.0104228069261332,0.0193441258648588,0.3657,0.0543544893479195,1.4285,1.2659,0.3,2.38,-1.78,-4549.686,-3121.343,-1019.667,-41.849,-1.71765149707433,1.94591014905531,0.271933715483642,1.79175946922805,0.268263986594679,-0.135,7.69,0.3657,0.0418,1.4285,1.2914,0.22781,0.62698,1.26594,2.26854,0.0253821597244119,0.0194365206507676,0.0193659557062045,3.89,-3.88,2.11,5.64,0.22,2.38,-1.78,16.6,-0.00751883241402718,0.00638979809877105,-0.0104712998672953,0.00630916919326463,-0.000812794044032117,0.0014212170699075
"120",2019-12-01,0.0274,9.9,0.07,0.0999999999999943,-0.028419999999997,0.4887586,-0.3947,1.37,0.145099999999999,0.0390999999999906,60.31142,-0.000149413552087196,-0.000199213108881047,0.010565063846558,0.0310191440398637,0.00957917339366077,-0.00519781692352073,-0.00731220570706981,0.3657,0.0044385014581767,1.4436,1.37,0.3,2.57,-1.87,579.553,52.8250000000007,675.797,-213.189,0,1.6094379124341,-1.43508452528932,-1.79175946922805,-0.060624621816435,-0.191,6,0.3657,0.0417,1.4436,1.3708,0.24508,0.69364,1.37011,2.42926,-0.0141591235521865,-0.00989109791820475,-0.0113665681525674,0.75,-9.8,-1.71,1.78,0.17,2.57,-1.87,16.8,-0.0229017642866847,0.0126583968719238,0,0.00313972000466789,-0.0152358248412412,-0.0105414008112064
"121",2020-01-01,NA,9.7,0,-1,-0.0454100000000039,0.4882813,-0.3911,1.275,-0.0260999999999996,-0.0890999999999877,-21.95911,0.000298804783099627,0.000448173699705734,-0.0115243218267391,0.105006946372242,-0.0897069559027202,-0.0359602993778321,-0.0444641746175187,0.3651,0.0131348400832785,1.4445,1.275,0.0999999999999999,2.55,-1.03,-6779.589,-4338.163,-549.407,109.542,0.826678573184468,1.6094379124341,1.38629436111989,2.07944154167984,0.060624621816435,-0.242,5.63,0.3651,0.0362,1.4445,1.1784,0.19002,0.60761,1.27499,2.33678,-0.00591649017230189,-0.00336659979585896,-0.00282028486682684,3.03,-11.22,-2.09,4.53,0.62,2.55,-1.03,16.8,-0.00775197680431772,-0.0126583968719238,-0.0105821093305369,0.0155524130074847,0.0140102177799353,0.0160176136023917
"122",2020-02-01,NA,9.7,-0.05,-0.0999999999999943,-0.0805900000000008,0.2926829,-0.4088,0.955,-0.499759999999995,-0.464870000000005,-21.26791,0.000597341846622967,0.000846002687995728,-0.0554225699970843,-0.0361649158238073,-0.126132696929777,-0.039172648881495,-0.0789066098195543,0.3639,0.0107742994266875,1.3988,0.955,-0.2,2.55,-1.18,5863.199,5438.858,-235.2,-4.77700000000004,0,1.79175946922805,-0.798507696217771,-0.980829253011726,0.111225635110224,-0.319,6.5,0.3639,0.0356,1.3988,1.2534,0.00143,0.33507,0.9555,1.99778,0.0158229562401804,0.0120749719212352,0.0120994745711158,2.65,-11.33,-1.59,3.53,0.4,2.55,-1.18,16.8,0.00775197680431772,-0.0128206884290614,-0.0215062052209638,0.00308166653740827,0.00112020632374232,0.00241298050286431
"123",2020-03-01,NA,7.3,-0.07,-18.9,-4.39306999999999,0.09727626,-0.4166,1.55,-0.844390000000004,-0.979309999999998,118.46886,-0.00104558250955566,-0.00119456487252823,-0.254119238356424,-0.178264328581748,-0.190781691854834,-0.309984732261031,-0.270205504903149,0.3587,-0.306934487900799,1.3757,1.55,-0.5,1.8,1.54,-1436.914,-557.769,-400.62,-96.591,-0.37469344944141,1.6094379124341,-0.117783035656384,0.51082562376599,-0.111225635110224,0.072,5.32,0.3587,0.0367,1.3757,1.0526,0.69811,0.95607,1.55118,2.30607,0.0111062470175849,0.00954911149650783,0.00943465226760942,2.26,6.97,-4.91,-5.22,1.47,1.8,1.54,17.4,0.0489740045964595,-0.012987195526811,0,-0.0537253993561628,-0.00537707277476507,-0.0110792354742131
"124",2020-04-01,NA,7.4,-1.23,-9.09999999999999,-4.82623000000001,0,-0.254,1.799,-0.378230000000002,-0.997690000000006,-13.60823,9.962640107819e-05,0.000248985385844058,0.0368219315263687,-0.0163820761064992,-0.0564441098732522,0.0596729601187902,0.0475999392300128,0.3554,-0.00910368848802889,1.4008,1.799,-0.4,1.23,1.84,-5221.414,-5929.173,914.388,349.204,0.59783700075562,2.484906649788,0.405465108108165,0.336472236621213,0.302280871872934,0.534,5.86,0.3554,0.0337,1.4008,1.0645,0.94593,1.25788,1.79913,2.56411,0.0116403922089727,0.0104241548843884,0.0102870333594147,4.56,14.78,-5.02,-3.54,1.46,1.23,1.84,18.1,0.02181904739464,-0.013158084577511,-0.0109290705321903,-0.0296562095828885,0.0144653704738165,0.018495753557163
"125",2020-05-01,NA,8.5,-2.31,-17.5,3.12230000000001,-0.1941748,-0.272,1.762,0.210639999999998,-0.577579999999998,-37.18505,-0.000298908984440516,-0.000348596901017295,0.0282603670602661,0.101327377442935,-0.0702313836264339,-0.0290818670760449,-0.0415746147147922,0.3512,0.0156086761950842,1.3255,1.762,-0.2,1.35,2,4974.617,5949.623,-199.172,31.051,-0.162518929497775,2.19722457733622,0,-0.847297860387203,-0.191055236762709,0.149,6.38,0.3512,0.0315,1.3255,1.2084,0.78559,1.27209,1.76204,2.56835,0.0126455147525295,0.0115522820235618,0.0115444773733486,5.64,19.77,-4.98,-2.2,1.55,1.35,2,18.6,-0.0036036075032988,-0.0133335308694655,0.0324352757531541,-0.0168638060520045,0.0164350365423562,0.0211729869058654
"126",2020-06-01,NA,9.5,1.45,12.4,3.26249,-0.1939864,-0.376,1.455,0.584600000000009,0.101609999999994,-17.80934,0.00109556307955216,0.000746844616356768,0.0627228394754731,0.106692767940141,0.0441894562544394,0.0479447515684495,0.0759370666905363,0.3499,0.0979046901602185,1.2727,1.455,0.2,1.72,3.7,869.218,659.904,359.363,175.213,-0.348306694268216,1.6094379124341,0.405465108108164,0,-0.111225635110224,0.014,5.03,0.3499,0.033,1.2727,1.2627,0.39246,0.84059,1.4552,2.35889,-0.00345757831105509,-0.00151184508288615,-0.00195115620333297,5.8,42.84,-3.73,-8.38,2.33,1.72,3.7,19.3,-0.0182154398913412,-0.0135137191667227,-0.010695289116748,0.00677968698537867,0.00837049006189972,0.0103705947412909
"127",2020-07-01,NA,10.1,-4.84,10.1,1.1083,-0.3879728,-0.4441,1.196,0.306100000000001,0.456480000000013,-5.60536000000002,0,4.97698146171288e-05,-0.014744680909164,0.00662039154612826,-0.118534201102746,-0.0648007742483254,-0.0620175737062425,0.3422,0.0210537195809701,1.2564,1.196,0.1,1.8,4.53,6184.123,3268.305,1471.62,-238.612,0.773189888233482,0.693147180559945,0.328504066972036,0.693147180559945,0.111225635110224,-0.159,6.79,0.3422,0.0307,1.2564,1.189,0.24714,0.62155,1.19629,2.09137,0.00959097232160211,0.00799287680592009,0.00834886527953671,9.05,44.17,-5.33,1.56,2.89,1.8,4.53,19.8,-0.00738010729762228,-0.0136988443581618,0.010695289116748,-0.0101868453069929,0.0116158554672072,0.0148784540159514
"128",2020-08-01,NA,10,2.25,4.90000000000001,0.816679999999991,-0.4830918,-0.4797,1.032,0.124659999999992,0.50752,9.39545000000001,0.000199064397989446,4.97673377068963e-05,0.0279811845954914,-0.0182796577029585,0.0337689344750363,0.0360677926067781,0.0268864821845849,0.3356,-0.00265481325784211,1.3248,1.032,-0.6,2,6.02,-3395.965,-5158.62,762.654,16.823,-0.424883193965266,1.79175946922805,-0.385662480811984,-1.79175946922805,-0.747214401830221,-0.192,6.06,0.3356,0.0299,1.3248,1.1469,0.0913,0.44106,1.03189,1.92735,0.00727762386832254,0.00541070044363856,0.00517275390428651,7.79,46.71,-4.04,-6.46,3.68,2,6.02,20.1,-0.00371057939653596,-0.00692044284457394,-0.010695289116748,0,0.00709271971047976,0.00891787088630025
"129",2020-09-01,NA,10,1.25,10.1,0.475110000000001,-0.5830904,-0.4914,0.9812,-0.0976699999999937,0.47820999999999,8.85672,0.000248774785471362,0.000447794619020669,-0.0320045766795207,-0.0227903513543763,-0.153808857913146,-0.0609283521360502,-0.0783460829087903,0.3299,-0.015961185094941,1.2656,0.9812,-0.1,2.17,6.84,1066.05,1686.798,-571.408,-94.242,0.534082485930258,1.79175946922805,0.211309093667207,1.79175946922805,0.635988766719997,-0.225,7.08,0.3299,0.0311,1.2656,1.2864,0.0251,0.46441,0.98121,1.88815,0.0115799486327361,0.00813763799982681,0.00756481630511807,8.29,56.64,-3.65,-12.39,3.88,2.17,6.84,20.5,-0.00746272120158942,-0.0281708769666964,-0.0217399866364061,0.0135595297856321,0.00240784302052077,0.00313862099118012
"130",2020-10-01,NA,10.1,3.26,1.8,0.303439999999995,-0.2918288,-0.5091,0.77,-0.34666,0.283839999999998,4.64508000000001,0.000198975277978519,0.000298418384787169,-0.0580361990912674,-0.0819993253742992,-0.106723751725375,-0.0412882983606875,-0.0437715932580334,0.3223,-0.0170419902453602,1.2639,0.77,0,2.2,7.38,321.873,1549.88,-1665.007,458.731,-1.57553636075842,1.94591014905531,-0.646627164925052,0,-0.125163142954006,-0.265,8.77,0.3223,0.0297,1.2639,1.2854,-0.13038,0.21891,0.77007,1.61988,0.0281104490658066,0.0223644246468613,0.0219532277724177,9.31,56.81,-6.26,-6.79,4.28,2.2,7.38,20.9,-0.0150946262224849,-0.00716848947861237,-0.0222231367847101,0.0100503358535016,0.00118703007442633,-0.00297458210971513
"131",2020-11-01,NA,9.6,0.09,-8.89999999999999,0.120870000000011,-0.1949318,-0.5209,0.664,-0.205939999999998,0.0823700000000116,105.6255,9.94727942726925e-05,-9.94629004198444e-05,0.206604295631521,0.202743730808284,0.323025891661257,0.269239568372154,0.218440938798708,0.3286,0.0815185049106537,1.2725,0.664,0,2.29,8.07,-1253.635,-926.250999999999,-161.043,-61.085,0.693147180559945,1.94591014905531,-0.200670695462151,-0.693147180559945,0,-0.369,7.51,0.3286,0.0319,1.2725,1.3279,-0.21155,0.08607,0.66399,1.54328,-0.00043505094709495,-0.00082494879761974,-0.00046513990524133,9.2,56.76,-6.8,-4.5,4.63,2.29,8.07,21.2,-0.0153259704782269,-0.00722024797348686,0.0222231367847101,-0.00333890126551495,0.000427316724056936,-0.00476083418502427
"132",2020-12-01,NA,9.8,0.13,4.8,0.200859999999992,-0.1945525,-0.5381,0.578,0.229469999999992,0.238649999999993,-137.66054,9.94629004198444e-05,0.000149190641050012,0.00776273667266025,-0.0112941246180873,0.0290803217386193,0.126009164665155,-0.00419874654634977,0.3253,0.0485451462194417,1.2499,0.578,0,2.33,8.28,344.018,-213.827,552.237,-187.347,0.650587566141149,1.09861228866811,0.441832752279039,1.29928298413026,-0.0689928714869517,-0.498,10.55,0.3253,0.0322,1.2499,1.3828,-0.27978,0.00024,0.57801,1.46444,0.0240685054697654,0.0206875303600391,0.0198522001512167,12.2,69.92,-5.35,-6.4,4.68,2.33,8.28,21.6,-0.0194937946810012,0.0215062052209634,-0.0110498361865847,0,-0.00611960647860421,-0.00572495121127581
